Date,Daily_return (%)
02-01-2014,
03-01-2014,-0.366739191
06-01-2014,0.1380418
07-01-2014,0.758149814
08-01-2014,-0.695468011
09-01-2014,-0.310001315
10-01-2014,0.080652957
13-01-2014,-1.990814381
14-01-2014,1.30326646
15-01-2014,-0.289742501
16-01-2014,0.139513055
17-01-2014,-0.162491109
21-01-2014,0.825454085
22-01-2014,0.461222296
23-01-2014,-1.136348279
24-01-2014,-2.089812828
27-01-2014,-0.355792808
28-01-2014,0.761640519
29-01-2014,-0.555113492
30-01-2014,0.320671414
31-01-2014,-1.290391895
03-02-2014,-1.786965449
04-02-2014,1.025756769
05-02-2014,-0.979114599
06-02-2014,1.489238279
07-02-2014,1.082530536
10-02-2014,-0.487859652
11-02-2014,1.303380666
12-02-2014,-0.236089592
13-02-2014,0.473255212
14-02-2014,1.307110005
18-02-2014,0.453322578
19-02-2014,0.127296354
20-02-2014,0.658723038
21-02-2014,-0.792164612
24-02-2014,1.504420744
25-02-2014,-0.045587029
26-02-2014,-0.627380117
27-02-2014,0.103339057
28-02-2014,0.504532707
03-03-2014,-0.638901173
04-03-2014,1.090827708
05-03-2014,-0.931408254
06-03-2014,0.722309932
07-03-2014,0.193509067
10-03-2014,0.159038993
11-03-2014,-1.134274954
12-03-2014,0.01142186
13-03-2014,-0.998014776
14-03-2014,0.092690699
17-03-2014,0.532504955
18-03-2014,0.840660901
19-03-2014,-0.753687969
20-03-2014,0.391217504
21-03-2014,0.272993498
24-03-2014,-0.206787623
25-03-2014,0.897814127
26-03-2014,-0.467733186
27-03-2014,0.813716027
28-03-2014,1.250609453
31-03-2014,0
01-04-2014,0.595112806
02-04-2014,0.35716036
03-04-2014,0.645107352
04-04-2014,-0.364684005
07-04-2014,-1.674804993
08-04-2014,1.003963893
09-04-2014,0.457893141
10-04-2014,-1.389709325
11-04-2014,-0.281811803
14-04-2014,1.368017394
15-04-2014,1.338376821
16-04-2014,1.199643057
17-04-2014,0.913552305
21-04-2014,0.679016254
22-04-2014,-0.160629545
23-04-2014,0.525385812
24-04-2014,0.031951273
25-04-2014,-0.597053692
28-04-2014,0.171601605
29-04-2014,0.460443232
30-04-2014,-0.085245784
01-05-2014,-0.224065514
02-05-2014,0.203149307
05-05-2014,0.469522328
06-05-2014,0.148667591
07-05-2014,0.869553772
08-05-2014,-1.429744446
09-05-2014,-0.096039403
12-05-2014,0.70463163
13-05-2014,0.371026896
14-05-2014,0.042275558
15-05-2014,-1.140247413
16-05-2014,-0.256272352
19-05-2014,0.31047926
20-05-2014,-0.288116893
21-05-2014,1.081051984
22-05-2014,-0.095302752
23-05-2014,-0.20137433
27-05-2014,0.276174733
28-05-2014,0.169444491
29-05-2014,0.85650389
30-05-2014,-0.073367817
02-06-2014,-0.125951812
03-06-2014,0.346677855
04-06-2014,-0.05229322
05-06-2014,0.576073164
06-06-2014,0.822748139
09-06-2014,0.154932971
10-06-2014,-0.165024132
11-06-2014,0.382249483
12-06-2014,0.329317036
13-06-2014,0.953919985
16-06-2014,0.599481421
17-06-2014,-0.070672082
18-06-2014,0.758011073
19-06-2014,0.712221522
20-06-2014,0.994647963
23-06-2014,0.35667099
24-06-2014,-2.102884014
25-06-2014,0.756385646
26-06-2014,0.110045659
27-06-2014,0
30-06-2014,0.080024991
01-07-2014,0.059947682
02-07-2014,-0.149762123
03-07-2014,0.379914083
07-07-2014,-0.767027921
08-07-2014,-0.160541978
09-07-2014,0.663574806
10-07-2014,-0.958867521
11-07-2014,-0.766388191
14-07-2014,0.863741007
15-07-2014,-0.433186394
16-07-2014,1.517870455
17-07-2014,-1.614831111
18-07-2014,0.29383564
21-07-2014,0.151543906
22-07-2014,0.716100528
23-07-2014,0.641000882
24-07-2014,0.089578296
25-07-2014,-0.735742091
28-07-2014,-0.240403631
29-07-2014,-0.251010878
30-07-2014,-0.593844753
31-07-2014,-2.156743468
01-08-2014,-0.807180037
04-08-2014,1.679700499
05-08-2014,-2.185499658
06-08-2014,0.293667072
07-08-2014,-0.627532837
08-08-2014,1.673520671
11-08-2014,0.010333362
12-08-2014,-0.73494945
13-08-2014,0.323328811
14-08-2014,-0.571652758
15-08-2014,0.74216939
18-08-2014,0.269793908
19-08-2014,0.765829544
20-08-2014,0.215658086
21-08-2014,0.081966835
22-08-2014,-0.665554808
25-08-2014,0.886460625
26-08-2014,0.510931277
27-08-2014,-0.203335963
28-08-2014,0.020395021
29-08-2014,0.56009019
02-09-2014,-1.265915744
03-09-2014,0.266724023
04-09-2014,-1.350407479
05-09-2014,0.674050075
08-09-2014,-1.555394327
09-09-2014,-0.439482041
10-09-2014,-0.241756383
11-09-2014,0.063207027
12-09-2014,-1.495045893
15-09-2014,0.705470311
16-09-2014,1.209922641
17-09-2014,-0.545290707
18-09-2014,-0.516680708
19-09-2014,-0.081982646
22-09-2014,-1.471423537
23-09-2014,-0.292140844
24-09-2014,0.086804403
25-09-2014,-1.528979858
26-09-2014,1.288449031
29-09-2014,-0.228313354
30-09-2014,-1.253107985
01-10-2014,-2.041568899
02-10-2014,-0.518172733
03-10-2014,-0.158549655
06-10-2014,0.113461237
07-10-2014,-1.302814661
08-10-2014,0.97568424
09-10-2014,-3.671749063
10-10-2014,-1.404275027
13-10-2014,-3.087994379
14-10-2014,-1.259728786
15-10-2014,0.762958604
16-10-2014,1.787526139
17-10-2014,0.853638975
20-10-2014,0.87063183
21-10-2014,3.04483003
22-10-2014,-1.896223103
23-10-2014,1.861719898
24-10-2014,-0.349258275
27-10-2014,-2.102786822
28-10-2014,2.279237272
29-10-2014,0.326705034
30-10-2014,-0.360528408
31-10-2014,2.03084298
03-11-2014,-1.578615154
04-11-2014,-2.057179333
05-11-2014,1.756267985
06-11-2014,1.259483452
07-11-2014,1.105598893
10-11-2014,-0.899874539
11-11-2014,0.298846175
12-11-2014,-0.882427147
13-11-2014,-1.329640621
14-11-2014,1.019450246
17-11-2014,-0.521946977
18-11-2014,0.081628618
19-11-2014,0.524257613
20-11-2014,1.251753562
21-11-2014,1.304938986
24-11-2014,-0.768402233
25-11-2014,-1.628274758
26-11-2014,-1.261754589
28-11-2014,-6.424365588
01-12-2014,0.350784126
02-12-2014,1.086133604
03-12-2014,1.222692753
04-12-2014,-0.866298523
05-12-2014,-1.193835922
08-12-2014,-4.048336147
09-12-2014,1.090490741
10-12-2014,-3.082059087
11-12-2014,-0.066250523
12-12-2014,-1.856252019
15-12-2014,-0.891653209
16-12-2014,0.886020498
17-12-2014,4.1480819
18-12-2014,1.920092389
19-12-2014,3.195672658
22-12-2014,-1.017769989
23-12-2014,1.21630414
24-12-2014,-0.730945694
26-12-2014,-0.024940344
29-12-2014,0.36202091
30-12-2014,-0.796035329
31-12-2014,-0.752232105
02-01-2015,0.467349194
05-01-2015,-4.136764811
06-01-2015,-1.469043769
07-01-2015,0.212996689
08-01-2015,2.24492846
09-01-2015,-0.792499687
12-01-2015,-2.88109709
13-01-2015,-0.79557248
14-01-2015,0.312632557
15-01-2015,-1.273727846
16-01-2015,3.252811775
20-01-2015,0.119636421
21-01-2015,2.03132825
22-01-2015,0.468420797
23-01-2015,-0.712304445
26-01-2015,1.434888811
27-01-2015,-0.064306265
28-01-2015,-3.937671814
29-01-2015,0.334880648
30-01-2015,0.86780346
02-02-2015,3.057591463
03-02-2015,2.735671324
04-02-2015,-1.650199308
05-02-2015,1.436394206
06-02-2015,0.025029164
09-02-2015,0.100241783
10-02-2015,-0.050052839
11-02-2015,-0.701240768
12-02-2015,1.311465073
13-02-2015,2.116007724
17-02-2015,0.304764092
18-02-2015,-1.190934927
19-02-2015,-0.467326495
20-02-2015,-0.481906381
23-02-2015,-0.409736056
24-02-2015,0.274255105
25-02-2015,0.547059688
26-02-2015,-1.854828224
27-02-2015,-0.440984043
02-03-2015,-0.696017537
03-03-2015,0.369587098
04-03-2015,-0.139663003
05-03-2015,-0.597594988
06-03-2015,-1.790741602
09-03-2015,-0.716330653
10-03-2015,-1.390520388
11-03-2015,0.292635801
12-03-2015,-0.636648875
13-03-2015,-0.373808203
16-03-2015,1.353382308
17-03-2015,-0.383437354
18-03-2015,2.906474238
19-03-2015,-1.586311611
20-03-2015,1.471130123
23-03-2015,-0.351103162
24-03-2015,-0.665412376
25-03-2015,1.300372239
26-03-2015,-0.116718198
27-03-2015,-0.817856995
30-03-2015,2.146626928
31-03-2015,-0.589425119
01-04-2015,-0.025798193
02-04-2015,0.206299907
06-04-2015,1.80131487
07-04-2015,0.063218658
08-04-2015,-0.808411148
09-04-2015,1.60450606
10-04-2015,0.438636914
13-04-2015,-0.998249408
14-04-2015,1.802359588
15-04-2015,2.389469034
16-04-2015,-0.229738375
17-04-2015,-0.727139193
20-04-2015,0.378449831
21-04-2015,-1.058159282
22-04-2015,0.663797334
23-04-2015,0.683825908
24-04-2015,-0.570022286
27-04-2015,-0.109785001
28-04-2015,0.500689039
29-04-2015,0.777645476
30-04-2015,-0.313511468
01-05-2015,0.229828227
04-05-2015,-0.253397869
05-05-2015,-1.233991819
06-05-2015,-0.391938359
07-05-2015,-1.082134291
08-05-2015,1.640937669
11-05-2015,-1.88353723
12-05-2015,0.461206657
13-05-2015,-0.260552793
14-05-2015,-0.03734224
15-05-2015,0.398273148
18-05-2015,0.086757754
19-05-2015,-1.424307223
20-05-2015,0.188464741
21-05-2015,0.940529767
22-05-2015,-0.360296279
26-05-2015,-1.583502784
27-05-2015,-0.177362163
28-05-2015,-0.393493576
29-05-2015,-0.114659446
01-06-2015,-0.255149921
02-06-2015,0.690645994
03-06-2015,-0.685908793
04-06-2015,-1.355666045
05-06-2015,0.700108117
08-06-2015,-0.56645023
09-06-2015,-0.012957553
10-06-2015,1.230223955
11-06-2015,-0.447756344
12-06-2015,-1.117937601
15-06-2015,-0.233937329
16-06-2015,0.781587593
17-06-2015,-0.2456308
18-06-2015,-0.06475632
19-06-2015,-0.927934903
22-06-2015,1.225136193
23-06-2015,0.325362247
24-06-2015,-0.622662568
25-06-2015,-1.018159062
26-06-2015,0.329688466
29-06-2015,-1.892742238
30-06-2015,0.696662709
01-07-2015,-1.277243815
02-07-2015,0.444727192
06-07-2015,-1.314875556
07-07-2015,0.910907487
08-07-2015,-2.021040918
09-07-2015,0.508839456
10-07-2015,0.547282613
13-07-2015,0.707579525
14-07-2015,0.716093364
15-07-2015,-1.757443283
16-07-2015,0.136582171
17-07-2015,-1.21372208
20-07-2015,-1.325225373
21-07-2015,0.041951015
22-07-2015,-0.81106992
23-07-2015,-0.084576451
24-07-2015,-1.918985679
27-07-2015,-1.438681674
28-07-2015,2.860927427
29-07-2015,1.362271965
30-07-2015,-0.700001538
31-07-2015,-2.185218536
03-08-2015,-2.104366663
04-08-2015,-0.338645331
05-08-2015,-0.753405782
06-08-2015,1.592699656
07-08-2015,-1.787544428
10-08-2015,3.192604331
11-08-2015,0.187967292
12-08-2015,1.818181227
13-08-2015,-1.516453363
14-08-2015,-0.215867235
17-08-2015,0.216334229
18-08-2015,-0.374162849
19-08-2015,-2.758895508
20-08-2015,-2.257889062
21-08-2015,-3.495432625
24-08-2015,-5.37009534
25-08-2015,-1.447808936
26-08-2015,3.44477258
27-08-2015,4.946125913
28-08-2015,2.270948823
31-08-2015,1.034235045
01-09-2015,-3.52253212
02-09-2015,0.920623075
03-09-2015,0.278281851
04-09-2015,-1.649704515
08-09-2015,1.567634357
09-09-2015,-1.883031074
10-09-2015,0.582061914
11-09-2015,-0.891449702
14-09-2015,-0.867951075
15-09-2015,1.114364616
16-09-2015,2.833699438
17-09-2015,-0.061246972
18-09-2015,-2.626459152
21-09-2015,0.570513742
22-09-2015,-1.055754182
23-09-2015,-1.290031032
24-09-2015,0.435624094
25-09-2015,0.192782927
28-09-2015,-3.992297783
29-09-2015,-0.15030047
30-09-2015,2.358239362
01-10-2015,0.196072198
02-10-2015,4.12588911
05-10-2015,3.022749519
06-10-2015,2.219482488
07-10-2015,1.264125865
08-10-2015,1.909259451
09-10-2015,-0.648515966
12-10-2015,-1.290973115
13-10-2015,-1.043346016
14-10-2015,0.861298309
15-10-2015,1.796264187
16-10-2015,0.130138175
19-10-2015,-1.978900323
20-10-2015,0.279975141
21-10-2015,-1.234380045
22-10-2015,1.800332288
23-10-2015,-0.233866795
26-10-2015,-2.446528042
27-10-2015,-1.201368598
28-10-2015,2.219179416
29-10-2015,0.505593344
30-10-2015,0.650979551
02-11-2015,2.337199215
03-11-2015,2.55675122
04-11-2015,-0.896376749
05-11-2015,-0.847949127
06-11-2015,-0.513104539
09-11-2015,-0.988543213
10-11-2015,0.217050516
11-11-2015,-2.122405842
12-11-2015,-2.271763795
13-11-2015,-0.40753844
16-11-2015,3.334339189
17-11-2015,-1.100006634
18-11-2015,1.646127831
19-11-2015,-1.342271806
20-11-2015,-1.064764557
23-11-2015,0.717474181
24-11-2015,2.137139264
25-11-2015,-0.813731583
27-11-2015,-0.717849394
30-11-2015,0.368887214
01-12-2015,0.793924787
02-12-2015,-3.092197099
03-12-2015,-2.00180541
04-12-2015,-0.629713545
07-12-2015,-3.802181186
08-12-2015,-1.028281053
09-12-2015,1.314961605
10-12-2015,0.640929393
11-12-2015,-3.741434318
14-12-2015,0.529277114
15-12-2015,2.517282226
16-12-2015,-0.658028565
17-12-2015,-2.455585757
18-12-2015,-1.751362703
21-12-2015,0.10205303
22-12-2015,1.172432195
23-12-2015,4.350072523
24-12-2015,-0.901340948
28-12-2015,-1.81909599
29-12-2015,0.694809243
30-12-2015,-1.347150382
31-12-2015,0.449648893
04-01-2016,-0.033170137
05-01-2016,0.381394779
06-01-2016,-3.849300356
07-01-2016,-2.439876356
08-01-2016,-1.285641807
11-01-2016,-2.140936642
12-01-2016,0.236981235
13-01-2016,-2.400893721
14-01-2016,4.304905091
15-01-2016,-2.894391235
19-01-2016,-2.152748276
20-01-2016,-2.651354799
21-01-2016,3.109910194
22-01-2016,4.421113842
25-01-2016,-4.66446614
26-01-2016,3.782447662
27-01-2016,-0.471454616
28-01-2016,3.042443743
29-01-2016,2.917236947
01-02-2016,-1.666376342
02-02-2016,-3.336792693
03-02-2016,3.560432874
04-02-2016,-0.052353393
05-02-2016,-2.322364548
08-02-2016,-0.518393325
09-02-2016,-2.40789217
10-02-2016,-0.405085395
11-02-2016,-0.42521296
12-02-2016,2.636459339
16-02-2016,0.994928382
17-02-2016,3.277792218
18-02-2016,-1.248684922
19-02-2016,-0.228302304
22-02-2016,2.552379217
23-02-2016,-3.415725135
24-02-2016,1.012961615
25-02-2016,0.087968306
26-02-2016,0.597647046
29-02-2016,-1.135765783
01-03-2016,2.615774243
02-03-2016,2.445740399
03-03-2016,1.513112107
04-03-2016,0.96058364
07-03-2016,2.345815926
08-03-2016,-4.199404203
09-03-2016,1.622892667
10-03-2016,0.082292649
11-03-2016,2.582653837
14-03-2016,-0.657445792
15-03-2016,-0.193703808
16-03-2016,1.730551138
17-03-2016,1.367257216
18-03-2016,0.28745646
21-03-2016,-0.346484103
22-03-2016,-0.553197776
23-03-2016,-2.193298922
24-03-2016,0.487565942
28-03-2016,-0.533677594
29-03-2016,0.471453411
30-03-2016,0.194195155
31-03-2016,-0.048432479
01-04-2016,-1.34111236
04-04-2016,-0.736971738
05-04-2016,-0.67645281
06-04-2016,2.159463216
07-04-2016,-0.585373551
08-04-2016,2.011775867
11-04-2016,-0.416860838
12-04-2016,2.978587219
13-04-2016,0.469057927
14-04-2016,0.233412619
15-04-2016,-1.350731163
18-04-2016,1.652489618
19-04-2016,1.997222864
20-04-2016,0.895593509
21-04-2016,-0.586738497
22-04-2016,1.452778557
25-04-2016,-1.118741597
26-04-2016,1.599041858
27-04-2016,1.900525608
28-04-2016,-1.486257988
29-04-2016,-0.16266474
02-05-2016,-0.103715924
03-05-2016,-2.35802377
04-05-2016,-1.442883337
05-05-2016,0.816783361
06-05-2016,-0.229265465
09-05-2016,-1.455517
10-05-2016,1.756826873
11-05-2016,0.305594853
12-05-2016,0.274151343
13-05-2016,-1.275980965
16-05-2016,1.692570496
17-05-2016,0.469066251
18-05-2016,-0.963878981
19-05-2016,0.015209802
20-05-2016,0.592974976
23-05-2016,-0.256961776
24-05-2016,0.500082412
25-05-2016,1.583237146
26-05-2016,-0.415631623
27-05-2016,0.059624933
31-05-2016,-0.387286042
01-06-2016,0.029881745
02-06-2016,-0.134526382
03-06-2016,-0.389215683
06-06-2016,2.209193263
07-06-2016,2.26436481
08-06-2016,-0.230032262
09-06-2016,-0.763814036
10-06-2016,-2.163812466
13-06-2016,-0.296877398
14-06-2016,-0.059553915
15-06-2016,-0.238333024
16-06-2016,-0.477821246
17-06-2016,1.020909583
20-06-2016,0.867107993
21-06-2016,1.18572919
22-06-2016,-0.556635554
23-06-2016,1.6497239
24-06-2016,-3.231389848
27-06-2016,-3.204577847
28-06-2016,2.784670429
29-06-2016,1.896431193
30-06-2016,0.79764472
01-07-2016,0.527549791
05-07-2016,-2.011635125
06-07-2016,0.43138068
07-07-2016,-1.022037121
08-07-2016,1.331916618
11-07-2016,0.191987632
12-07-2016,2.476425792
13-07-2016,-0.863063505
14-07-2016,0.507847899
15-07-2016,-0.057741536
18-07-2016,0.072190988
19-07-2016,-0.562918596
20-07-2016,-0.145165989
21-07-2016,-0.9885034
22-07-2016,0.308334088
25-07-2016,-1.990614969
26-07-2016,0.582422074
27-07-2016,-0.97996873
28-07-2016,0.014989742
29-07-2016,1.019485628
01-08-2016,-3.294740719
02-08-2016,0.905446157
03-08-2016,1.93157065
04-08-2016,-0.149191971
05-08-2016,0.911533712
08-08-2016,1.332724583
09-08-2016,-0.526077056
10-08-2016,-1.087138406
11-08-2016,1.470406542
12-08-2016,0.556204183
15-08-2016,0.800561298
16-08-2016,0.158878528
17-08-2016,0.302729976
18-08-2016,2.05550428
19-08-2016,-0.830993051
22-08-2016,-1.150377499
23-08-2016,0.703968196
24-08-2016,-0.399430993
25-08-2016,-0.272178082
26-08-2016,-0.344738901
29-08-2016,0.677399218
30-08-2016,-0.343564767
31-08-2016,-1.580230725
01-09-2016,-0.291910404
02-09-2016,1.127181315
06-09-2016,1.505528068
07-09-2016,0.570431429
08-09-2016,1.871804039
09-09-2016,-2.978843385
12-09-2016,0.98996345
13-09-2016,-2.855528001
14-09-2016,-1.184536884
15-09-2016,1.243136099
16-09-2016,-0.807374662
19-09-2016,-0.059289671
20-09-2016,-0.726880457
21-09-2016,2.316191478
22-09-2016,0.116852509
23-09-2016,-1.327522069
26-09-2016,-0.443539869
27-09-2016,-0.668233526
28-09-2016,4.320529814
29-09-2016,-0.171968751
30-09-2016,1.363785325
03-10-2016,-0.070831883
04-10-2016,-1.020391036
05-10-2016,1.532067857
06-10-2016,0.155131043
07-10-2016,-0.577298544
10-10-2016,1.572012312
11-10-2016,-1.143373456
12-10-2016,-0.423099893
13-10-2016,-0.55240694
14-10-2016,-0.583951027
17-10-2016,-0.487107676
18-10-2016,0.403080257
19-10-2016,1.419579444
20-10-2016,-0.113118775
21-10-2016,-0.651106108
24-10-2016,-0.29918744
25-10-2016,-0.457262422
26-10-2016,0.229720453
27-10-2016,-0.372437247
28-10-2016,-0.273092998
31-10-2016,-1.081188099
01-11-2016,0.014599376
02-11-2016,-1.107403661
03-11-2016,0.397818618
04-11-2016,-0.543001354
07-11-2016,2.154346953
08-11-2016,0.13000905
09-11-2016,1.630115413
10-11-2016,0.425825414
11-11-2016,-1.823310609
14-11-2016,0.561449697
15-11-2016,2.820345338
16-11-2016,-0.696165992
17-11-2016,-0.673044497
18-11-2016,0.409369947
21-11-2016,2.375952679
22-11-2016,-0.054969646
23-11-2016,0.412215437
25-11-2016,-0.492602561
28-11-2016,-1.388883908
29-11-2016,-1.227195537
30-11-2016,5.082584325
01-12-2016,0.241859513
02-12-2016,0.294861292
05-12-2016,0.882005028
06-12-2016,-0.185452317
07-12-2016,0.796246599
08-12-2016,0.539861495
09-12-2016,0.314314389
12-12-2016,0.469958861
13-12-2016,1.130455518
14-12-2016,-2.004337309
15-12-2016,0.22291804
16-12-2016,0.620692679
19-12-2016,-0.457463327
20-12-2016,-0.223187201
21-12-2016,0.15791681
22-12-2016,0.407309141
23-12-2016,-0.091621608
27-12-2016,0.222653004
28-12-2016,-1.08464639
29-12-2016,-0.198198004
30-12-2016,-0.291244799
03-01-2017,1.128510402
04-01-2017,-0.210060587
05-01-2017,-0.249941379
06-01-2017,0.092289638
09-01-2017,-1.449472793
10-01-2017,-0.909188984
11-01-2017,1.079483069
12-01-2017,-0.413833971
13-01-2017,-0.29488569
17-01-2017,0.618413319
18-01-2017,-0.227130916
19-01-2017,-0.549093805
20-01-2017,0.377051904
23-01-2017,-1.059821401
24-01-2017,1.098286693
25-01-2017,0.523056784
26-01-2017,0.080108134
27-01-2017,-1.039887711
30-01-2017,-1.83216096
31-01-2017,0.041160284
01-02-2017,-0.740721137
02-02-2017,0.566600568
03-02-2017,0.865746855
06-02-2017,-0.844687624
07-02-2017,-1.415206807
08-02-2017,0.23691253
09-02-2017,1.12625529
10-02-2017,0.756250926
13-02-2017,0.191028694
14-02-2017,0.326881769
15-02-2017,-0.393681464
16-02-2017,-1.362968493
17-02-2017,-0.552707366
21-02-2017,0.680826703
22-02-2017,-1.518055592
23-02-2017,0.420388072
24-02-2017,-0.934956443
27-02-2017,0.859256938
28-02-2017,-0.307256323
01-03-2017,2.003374428
02-03-2017,-0.947681598
03-03-2017,-0.180283467
06-03-2017,0.222280009
07-03-2017,-0.887035728
08-03-2017,-2.601052386
09-03-2017,0.660464846
10-03-2017,-0.142663722
13-03-2017,0.014280579
14-03-2017,-1.128220747
15-03-2017,2.224431551
16-03-2017,-0.706483234
17-03-2017,-0.07299983
20-03-2017,-0.14328178
21-03-2017,-0.703008734
22-03-2017,-0.14449548
23-03-2017,-0.405158808
24-03-2017,-0.392258967
27-03-2017,-0.466752073
28-03-2017,1.421464942
29-03-2017,1.372629439
30-03-2017,-0.028498601
31-03-2017,-0.342172614
03-04-2017,-0.171689098
04-04-2017,0.730895107
05-04-2017,-0.312981199
06-04-2017,0.799184884
07-04-2017,-0.382277406
10-04-2017,0.753257048
11-04-2017,0.014094989
12-04-2017,-0.423108312
13-04-2017,-1.827205908
17-04-2017,0.216438272
18-04-2017,-0.935793671
19-04-2017,-1.467805148
20-04-2017,0.4866897
21-04-2017,-0.499014264
24-04-2017,0.59005718
25-04-2017,0.850532584
26-04-2017,-0.334459786
27-04-2017,-1.094208253
28-04-2017,0.073721487
01-05-2017,-0.28005881
02-05-2017,-0.502586664
03-05-2017,0.282295887
04-05-2017,-1.837020097
05-05-2017,1.584628826
08-05-2017,0.713142094
09-05-2017,-0.826095901
10-05-2017,1.323817187
11-05-2017,-0.205535346
12-05-2017,-0.338330746
15-05-2017,0.782299437
16-05-2017,-0.497957252
17-05-2017,-0.986167826
18-05-2017,-0.029706967
19-05-2017,1.234172046
22-05-2017,-0.220301338
23-05-2017,0.235512718
24-05-2017,-0.528688142
25-05-2017,-1.816053002
26-05-2017,0.16540135
30-05-2017,-1.336115176
31-05-2017,-0.426041526
01-06-2017,0.626499026
02-06-2017,-1.154129705
05-06-2017,0.184384808
06-06-2017,1.180779166
07-06-2017,-1.409521533
08-06-2017,-0.292062259
09-06-2017,2.405162429
12-06-2017,0.707605769
13-06-2017,0.747511741
14-06-2017,-1.810364798
15-06-2017,-0.755621045
16-06-2017,1.654402201
19-06-2017,-0.633522061
20-06-2017,-1.27503322
21-06-2017,-1.614381499
22-06-2017,-0.062515899
23-06-2017,0.672378711
26-06-2017,-0.217422219
27-06-2017,-0.155673202
28-06-2017,0.545664133
29-06-2017,0.21705961
30-06-2017,0.448723346
03-07-2017,1.925459422
05-07-2017,-2.025084282
06-07-2017,-1.110590815
07-07-2017,-0.155955607
10-07-2017,0.328026672
11-07-2017,0.545009473
12-07-2017,0.278778103
13-07-2017,0.401534385
14-07-2017,0.599913319
17-07-2017,-0.122303542
18-07-2017,-0.474612747
19-07-2017,1.461321845
20-07-2017,-0.303211489
21-07-2017,-0.988446556
24-07-2017,-0.184313392
25-07-2017,1.26174168
26-07-2017,0.106356993
27-07-2017,1.017007462
28-07-2017,-0.120182094
31-07-2017,0.225635648
01-08-2017,-0.015023995
02-08-2017,-0.375319909
03-08-2017,-1.401435831
04-08-2017,0.320956701
07-08-2017,-0.761740482
08-08-2017,-0.230267242
09-08-2017,0.092339181
10-08-2017,-1.06071589
11-08-2017,-0.65261008
14-08-2017,-0.297136922
15-08-2017,-0.376457347
16-08-2017,-0.96049306
17-08-2017,-1.414943381
18-08-2017,0.499921145
21-08-2017,-0.513486435
22-08-2017,0.661299375
23-08-2017,0.432609886
24-08-2017,0.063830995
25-08-2017,0.44641285
28-08-2017,-0.444428862
29-08-2017,-0.127546528
30-08-2017,0.047867609
31-08-2017,0.478736518
01-09-2017,0.968704274
05-09-2017,0.550512205
06-09-2017,1.626754871
07-09-2017,0.184661265
08-09-2017,-1.060056218
11-09-2017,0.947211127
12-09-2017,0.615301183
13-09-2017,1.253631657
14-09-2017,0.483155766
15-09-2017,0.235962882
18-09-2017,0.425273764
19-09-2017,0.408380672
20-09-2017,0.677805368
21-09-2017,0.029906464
22-09-2017,0.508541429
25-09-2017,1.443453286
26-09-2017,-0.044023105
27-09-2017,0.425594693
28-09-2017,0.087665518
29-09-2017,-0.014592996
02-10-2017,-0.029205632
03-10-2017,-0.102257267
04-10-2017,-0.073079372
05-10-2017,0.453614561
06-10-2017,-0.844858106
09-10-2017,0.205663008
10-10-2017,0.087948256
11-10-2017,0.234363737
12-10-2017,-0.365360208
13-10-2017,-0.058645119
16-10-2017,0.220135186
17-10-2017,0.058581486
18-10-2017,-0.702489192
19-10-2017,-0.309514289
20-10-2017,0.192217503
23-10-2017,-0.516445299
24-10-2017,0.192829052
25-10-2017,-0.695812465
26-10-2017,0.208737604
27-10-2017,0.178487061
30-10-2017,0.519790066
31-10-2017,0.324980114
01-11-2017,1.133870018
02-11-2017,-0.291228772
03-11-2017,0.292079391
06-11-2017,2.285949958
07-11-2017,-0.128106479
08-11-2017,-0.48459193
09-11-2017,0.300758492
10-11-2017,-0.528337833
13-11-2017,-0.574225535
14-11-2017,-1.617103714
15-11-2017,-1.130027289
16-11-2017,-0.400779987
17-11-2017,0.491819399
20-11-2017,-0.237283275
21-11-2017,0.222989998
22-11-2017,0.400490508
24-11-2017,0.28066818
27-11-2017,-1.016500415
28-11-2017,0.773925237
29-11-2017,0.546425138
30-11-2017,1.498277433
01-12-2017,0.83937131
04-12-2017,-0.043069095
05-12-2017,-0.430732875
06-12-2017,-1.297781034
07-12-2017,0.292207403
08-12-2017,0.917676022
11-12-2017,0.72170961
12-12-2017,-0.272277002
13-12-2017,-0.143706483
14-12-2017,-0.359749139
15-12-2017,-0.090123204
18-12-2017,0.771206602
19-12-2017,0.144431286
20-12-2017,1.4130986
21-12-2017,2.118592412
22-12-2017,0.208879863
26-12-2017,0.875353365
27-12-2017,-0.330596901
28-12-2017,0.152067742
29-12-2017,-0.28980013
02-01-2018,1.646819229
03-01-2018,1.497618906
04-01-2018,0.603621999
05-01-2018,-0.040007457
08-01-2018,0.600219473
09-01-2018,-0.251927989
10-01-2018,-0.119613748
11-01-2018,2.049500114
12-01-2018,0.965072777
16-01-2018,-1.265849299
17-01-2018,0.876496996
18-01-2018,-0.816963723
19-01-2018,-0.130777491
22-01-2018,2.160236469
23-01-2018,-0.153782188
24-01-2018,-0.26952493
25-01-2018,-0.78510942
26-01-2018,0.54484488
29-01-2018,-1.509501019
30-01-2018,-2.017263459
31-01-2018,0.066836402
01-02-2018,1.028748273
02-02-2018,-4.178799297
05-02-2018,-4.195420513
06-02-2018,0.79226834
07-02-2018,-1.672120683
08-02-2018,-3.023263948
09-02-2018,-0.074946174
12-02-2018,1.634924889
13-02-2018,-0.413222949
14-02-2018,1.452258226
15-02-2018,-0.248313035
16-02-2018,-0.248923503
20-02-2018,-0.543175891
21-02-2018,-1.682654147
22-02-2018,1.095939618
23-02-2018,2.168117972
26-02-2018,0.595927193
27-02-2018,-1.300398088
28-02-2018,-2.298337673
01-03-2018,-0.149863097
02-03-2018,0.465194375
05-03-2018,1.060479731
06-03-2018,0.05913789
07-03-2018,-0.753317132
08-03-2018,-0.029779668
09-03-2018,1.905594241
12-03-2018,-0.029200936
13-03-2018,-0.716048526
14-03-2018,-0.588779836
15-03-2018,-0.518184236
16-03-2018,0.891848499
19-03-2018,-1.545078798
20-03-2018,0.845018141
21-03-2018,2.618580662
22-03-2018,-2.041422231
23-03-2018,-0.610251112
26-03-2018,1.797186402
27-03-2018,-0.941605022
28-03-2018,-1.945630922
29-03-2018,2.105419845
02-04-2018,-2.002683127
03-04-2018,2.134416839
04-04-2018,-0.133382726
05-04-2018,1.795771657
06-04-2018,-1.80782497
09-04-2018,0.475113459
10-04-2018,3.310182771
11-04-2018,1.044203144
12-04-2018,-0.01418383
13-04-2018,1.104385072
16-04-2018,1.022247211
17-04-2018,0.388147815
18-04-2018,1.574165387
19-04-2018,0.122347061
20-04-2018,-0.47522839
23-04-2018,0.613905232
24-04-2018,-1.07115078
25-04-2018,0.794929299
26-04-2018,1.45498205
27-04-2018,-1.05881796
30-04-2018,-0.013551711
01-05-2018,-0.609684439
02-05-2018,0.408937794
03-05-2018,-0.230780822
04-05-2018,0.489847366
07-05-2018,0.135433957
08-05-2018,0.784301413
09-05-2018,2.039491616
10-05-2018,0.749469114
11-05-2018,0.143533132
14-05-2018,0.690791676
15-05-2018,0.025863023
16-05-2018,0.349373066
17-05-2018,1.508719222
18-05-2018,-0.774894935
21-05-2018,1.024167646
22-05-2018,-1.330612284
23-05-2018,-0.012861882
24-05-2018,-1.644184167
25-05-2018,-2.598918576
29-05-2018,-0.3084017
30-05-2018,3.026247106
31-05-2018,-0.757195363
01-06-2018,0.473565403
04-06-2018,-0.86408844
05-06-2018,-0.237727643
06-06-2018,0.476574516
07-06-2018,1.515149752
08-06-2018,-0.194680022
11-06-2018,0.520134607
12-06-2018,-0.763260141
13-06-2018,-0.378037952
14-06-2018,-0.143976752
15-06-2018,-2.147777007
18-06-2018,0.997727751
19-06-2018,-0.226970626
20-06-2018,0.44155456
21-06-2018,-1.851639437
22-06-2018,1.9951211
25-06-2018,-2.009328153
26-06-2018,1.262942491
27-06-2018,1.341001735
28-06-2018,-0.132344117
29-06-2018,0.622783537
02-07-2018,-1.474841901
03-07-2018,0.628180024
05-07-2018,-0.10626217
06-07-2018,0.611621424
09-07-2018,1.49333137
10-07-2018,0.742195816
11-07-2018,-2.119707974
12-07-2018,0.171700889
13-07-2018,0.527264141
16-07-2018,-1.153948441
17-07-2018,-0.397991978
18-07-2018,0.06658674
19-07-2018,0.026616972
20-07-2018,-0.345949163
23-07-2018,-0.440670059
24-07-2018,1.260748249
25-07-2018,0.834434946
26-07-2018,1.09023029
27-07-2018,-0.428790577
30-07-2018,0.822157216
31-07-2018,-0.181222146
01-08-2018,-1.387463471
02-08-2018,-0.552269173
03-08-2018,-0.515695083
06-08-2018,0.372182063
07-08-2018,0.741528861
08-08-2018,-0.722928382
09-08-2018,-0.926796911
10-08-2018,0.614748122
13-08-2018,-1.275077516
14-08-2018,0.242172632
15-08-2018,-3.489469025
16-08-2018,0.723108447
17-08-2018,0.248518268
20-08-2018,0.674847602
21-08-2018,0.506173056
22-08-2018,1.197748095
23-08-2018,-0.470746073
24-08-2018,0.729743853
27-08-2018,0.737836386
28-08-2018,-0.426139643
29-08-2018,0.615193024
30-08-2018,-0.279120459
31-08-2018,-0.773154578
04-09-2018,-0.214930351
05-09-2018,-0.134607787
06-09-2018,-1.846821019
07-09-2018,-0.013775053
10-09-2018,-0.041203289
11-09-2018,0.948186811
12-09-2018,0.517296512
13-09-2018,0.040615971
14-09-2018,0.527974844
17-09-2018,0.161579745
18-09-2018,0.658781451
19-09-2018,0.307213247
20-09-2018,0.026627598
21-09-2018,0.660787536
24-09-2018,1.464717086
25-09-2018,0.643046383
26-09-2018,-0.964927713
27-09-2018,0
28-09-2018,-0.276502316
01-10-2018,1.386297498
02-10-2018,0.104209011
03-10-2018,0.806554127
04-10-2018,-0.412958066
05-10-2018,-0.01294787
08-10-2018,-0.077796893
09-10-2018,0.894945459
10-10-2018,-3.136636988
11-10-2018,-3.384196966
12-10-2018,0.274713112
15-10-2018,-0.835611132
16-10-2018,0.828821281
17-10-2018,-0.63020964
18-10-2018,-0.496331506
19-10-2018,-0.88678421
22-10-2018,-1.104443584
23-10-2018,-2.615221648
24-10-2018,-3.948327629
25-10-2018,1.224131529
26-10-2018,-0.746481432
29-10-2018,-1.865217035
30-10-2018,2.314542138
31-10-2018,0.614208724
01-11-2018,0.848731511
02-11-2018,-0.251011946
05-11-2018,1.672600594
06-11-2018,0.465862834
07-11-2018,1.637426892
08-11-2018,-2.167078961
09-11-2018,-0.174898242
12-11-2018,-2.072983495
13-11-2018,-2.295779292
14-11-2018,-0.167825126
15-11-2018,1.467230324
16-11-2018,1.189927931
19-11-2018,-0.029769448
20-11-2018,-3.275767015
21-11-2018,1.570198676
23-11-2018,-3.137303843
26-11-2018,1.502109947
27-11-2018,-0.277489445
28-11-2018,1.71585935
29-11-2018,0.653540667
30-11-2018,-0.18122514
03-12-2018,2.223581192
04-12-2018,-2.870658634
06-12-2018,-1.843396215
07-12-2018,-0.558768914
10-12-2018,-1.560788147
11-12-2018,0.031725649
12-12-2018,0.396253971
13-12-2018,0.315790828
14-12-2018,-2.282050482
17-12-2018,-1.819944873
18-12-2018,-2.362209556
19-12-2018,-1.176074982
20-12-2018,-2.771170192
21-12-2018,-0.970682067
24-12-2018,-4.045633036
26-12-2018,6.222121521
27-12-2018,0.524591759
28-12-2018,-0.765359014
31-12-2018,0.525834525
02-01-2019,1.970374715
03-01-2019,-0.99180243
04-01-2019,3.402429082
07-01-2019,1.486546632
08-01-2019,0.773539038
09-01-2019,1.5842188
10-01-2019,0.289363315
11-01-2019,-0.593129599
14-01-2019,-0.241891355
15-01-2019,0.355637519
16-01-2019,-0.128859983
17-01-2019,0.919330429
18-01-2019,2.029744192
22-01-2019,-2.177334301
23-01-2019,-1.024796737
24-01-2019,0.533879585
25-01-2019,1.271327088
28-01-2019,-1.001120261
29-01-2019,0.304967882
30-01-2019,1.408241317
31-01-2019,0.646997818
01-02-2019,1.740338198
04-02-2019,0.231179052
05-02-2019,0.153740482
06-02-2019,-0.736855813
07-02-2019,-2.211580956
08-02-2019,-0.458639802
11-02-2019,0.476674687
12-02-2019,1.265019127
13-02-2019,1.249176666
14-02-2019,0.354740057
15-02-2019,1.61363608
19-02-2019,0.302497
20-02-2019,0.422160426
21-02-2019,-1.54651882
22-02-2019,0.289751237
25-02-2019,0.167288408
26-02-2019,-0.318804576
27-02-2019,0.380748974
28-02-2019,-1.001392027
01-03-2019,1.839104212
04-03-2019,0.180570862
05-03-2019,-0.330460053
06-03-2019,-1.266023458
07-03-2019,-0.59531485
08-03-2019,-1.873482278
11-03-2019,1.564952003
12-03-2019,0.647138922
13-03-2019,1.010421696
14-03-2019,0.10610898
15-03-2019,-0.039705457
18-03-2019,1.389112723
19-03-2019,-0.271016069
20-03-2019,0.875604898
21-03-2019,0.703377195
22-03-2019,-2.704704185
25-03-2019,0.045838883
26-03-2019,1.435119367
27-03-2019,-0.707422703
28-03-2019,0.378980961
29-03-2019,-0.15103526
01-04-2019,1.315802404
02-04-2019,-0.686681757
03-04-2019,-0.961982535
04-04-2019,0.834755234
05-04-2019,1.760971625
08-04-2019,0.44374572
09-04-2019,-1.222219305
10-04-2019,0.372687234
11-04-2019,0.074272657
12-04-2019,0.267117334
15-04-2019,-0.592046672
16-04-2019,0.655145765
17-04-2019,-0.133124023
18-04-2019,-0.47402382
22-04-2019,2.113414853
23-04-2019,-0.160332344
24-04-2019,-1.751810744
25-04-2019,-0.312057247
26-04-2019,-1.296740764
29-04-2019,-0.090624199
30-04-2019,-0.075578516
01-05-2019,-1.996676815
02-05-2019,-1.744058537
03-05-2019,0.926765375
06-05-2019,0.09338721
07-05-2019,-0.870787692
08-05-2019,0
09-05-2019,0
10-05-2019,0.470606213
13-05-2019,-1.71742377
14-05-2019,1.223213841
15-05-2019,0.517885934
16-05-2019,0.546422991
17-05-2019,-1.009309775
20-05-2019,0.047075634
21-05-2019,1.160226113
22-05-2019,-1.549898482
23-05-2019,-3.353274543
24-05-2019,0.374639944
28-05-2019,-1.03861882
29-05-2019,-0.639542837
30-05-2019,-1.270841614
31-05-2019,-1.755269509
03-06-2019,1.276145688
04-06-2019,1.730536667
05-06-2019,-1.106510989
06-06-2019,1.85368767
07-06-2019,0.459090425
10-06-2019,0.293771444
11-06-2019,0.195284899
12-06-2019,-1.413015129
13-06-2019,1.169673141
14-06-2019,-0.651362721
17-06-2019,0.835946457
18-06-2019,1.381666582
19-06-2019,-0.112241213
20-06-2019,2.215070822
21-06-2019,0.722635723
24-06-2019,-0.896786469
25-06-2019,-0.793763934
26-06-2019,1.536224873
27-06-2019,-0.740745636
28-06-2019,1.159105337
01-07-2019,0.094180859
02-07-2019,-1.599505501
03-07-2019,0.398411889
05-07-2019,0.142851506
08-07-2019,0.142671467
09-07-2019,0.079122668
10-07-2019,1.281050139
11-07-2019,0.202979707
12-07-2019,0.420779695
15-07-2019,-0.900070341
16-07-2019,-1.064821126
17-07-2019,-1.139611336
18-07-2019,0.015998959
19-07-2019,0.464223197
22-07-2019,0.462094029
23-07-2019,0.26961926
24-07-2019,0.427086876
25-07-2019,-1.134047073
26-07-2019,-0.509780231
29-07-2019,-0.400333714
30-07-2019,1.125403
31-07-2019,-0.317978927
01-08-2019,-2.26473272
02-08-2019,-1.43603701
05-08-2019,-2.980130507
06-08-2019,-0.119454886
07-08-2019,-0.751767039
08-08-2019,2.874850885
09-08-2019,-1.104407633
12-08-2019,-1.18440897
13-08-2019,0.924620838
14-08-2019,-3.919229757
15-08-2019,-0.618043169
16-08-2019,1.314858577
19-08-2019,2.209759952
20-08-2019,-0.840801073
21-08-2019,0.640264342
22-08-2019,-0.447036461
23-08-2019,-3.350587142
26-08-2019,0.42884292
27-08-2019,-0.622754276
28-08-2019,1.432408212
29-08-2019,1.465143499
30-08-2019,0
03-09-2019,-0.487121141
04-09-2019,1.398583763
05-09-2019,1.241390552
06-09-2019,0.527922425
09-09-2019,1.998977858
10-09-2019,1.179195503
11-09-2019,0.098518721
12-09-2019,-0.623182269
13-09-2019,0.792097443
16-09-2019,3.356257545
17-09-2019,-1.393954431
18-09-2019,-0.48195677
19-09-2019,-0.258243866
20-09-2019,0.081645769
23-09-2019,0.032657494
24-09-2019,-1.582395046
25-09-2019,0.165776717
26-09-2019,-1.307321253
27-09-2019,-0.016769466
30-09-2019,-0.721108444
01-10-2019,-2.314191389
02-10-2019,-2.455469459
03-10-2019,1.081369822
04-10-2019,0.631361992
07-10-2019,-0.888824295
08-10-2019,-1.70564173
09-10-2019,0.912347918
10-10-2019,1.258649025
11-10-2019,1.348007772
14-10-2019,-0.051795042
15-10-2019,0.414797327
16-10-2019,-1.394168691
17-10-2019,0.06982073
18-10-2019,-0.52326854
21-10-2019,1.788523583
22-10-2019,1.292005494
23-10-2019,0.833341395
24-10-2019,-0.421669675
25-10-2019,0.812988854
28-10-2019,-0.571244939
29-10-2019,0.405545447
30-10-2019,-2.036352001
31-10-2019,-0.4294763
01-11-2019,2.277449621
04-11-2019,3.255727837
05-11-2019,0.130698557
06-11-2019,-2.039469092
07-11-2019,1.498990814
08-11-2019,-0.410244589
11-11-2019,-0.560224112
12-11-2019,-0.513655573
13-11-2019,-0.433076575
14-11-2019,-0.267625225
15-11-2019,0.771554623
18-11-2019,-1.215049233
19-11-2019,-1.482732018
20-11-2019,1.009061266
21-11-2019,1.642403316
22-11-2019,-0.333152693
25-11-2019,0.100272453
26-11-2019,-0.918346641
27-11-2019,0.252763654
29-11-2019,-1.008580312
02-12-2019,0
03-12-2019,-1.49429737
04-12-2019,1.499733205
05-12-2019,-0.475530193
06-12-2019,1.911268232
09-12-2019,-0.117229003
10-12-2019,0.201191577
11-12-2019,-0.167338179
12-12-2019,1.843506946
13-12-2019,-0.756945641
16-12-2019,1.343039598
17-12-2019,0.065445503
18-12-2019,0.376071589
19-12-2019,-0.032574802
20-12-2019,0.959226642
23-12-2019,1.026743026
24-12-2019,-0.048407667
26-12-2019,-0.032295314
27-12-2019,-0.419753276
30-12-2019,-0.315580097
31-12-2019,0.569511062
02-01-2020,0.899403334
03-01-2020,-0.29713396
06-01-2020,0.778145343
07-01-2020,-0.262853817
08-01-2020,-1.6471895
09-01-2020,0.736914927
10-01-2020,-0.565258289
13-01-2020,0.033462896
14-01-2020,0.016702002
15-01-2020,-0.735289968
16-01-2020,0.168333197
17-01-2020,-0.63865194
21-01-2020,-1.792953511
22-01-2020,-0.964522203
23-01-2020,-0.382623087
24-01-2020,-1.152236626
27-01-2020,-2.772869237
28-01-2020,0.454134435
29-01-2020,-1.048810219
30-01-2020,0.804097716
31-01-2020,-3.118209718
03-02-2020,-1.309872895
04-02-2020,0.360242295
05-02-2020,3.759684287
06-02-2020,-1.019650655
07-02-2020,-0.699039439
10-02-2020,-0.500186795
11-02-2020,1.117104027
12-02-2020,1.344106032
13-02-2020,-0.308834379
14-02-2020,-0.528549299
18-02-2020,-0.824434162
19-02-2020,1.33010582
20-02-2020,-0.10937996
21-02-2020,-1.186380192
24-02-2020,-4.617624393
25-02-2020,-4.415184448
26-02-2020,-3.01862623
27-02-2020,-5.347845535
28-02-2020,-0.088248755
02-03-2020,4.042414888
03-03-2020,-3.057357425
04-03-2020,2.365295746
05-03-2020,-3.658511766
06-03-2020,-5.618471228
09-03-2020,-20.14118462
10-03-2020,4.743673735
11-03-2020,-5.288336368
12-03-2020,-12.47399938
13-03-2020,9.229696472
16-03-2020,-13.60669487
17-03-2020,0.683212175
18-03-2020,-14.35716308
19-03-2020,6.797353536
20-03-2020,0.976184936
23-03-2020,-6.815853537
24-03-2020,16.03733654
25-03-2020,4.716624894
26-03-2020,6.110337518
27-03-2020,-6.778542491
30-03-2020,1.023654443
31-03-2020,1.53737647
01-04-2020,-4.955256596
02-04-2020,9.160020165
03-04-2020,-1.06135378
06-04-2020,5.296690939
07-04-2020,2.133071397
08-04-2020,6.670827178
09-04-2020,-0.905891513
13-04-2020,-0.324399653
14-04-2020,-0.473366567
15-04-2020,-4.696804512
16-04-2020,-4.273228695
17-04-2020,10.62235429
20-04-2020,-3.122220678
21-04-2020,-1.763482594
22-04-2020,3.559286624
23-04-2020,3.227749356
24-04-2020,0.231595592
27-04-2020,2.166364879
28-04-2020,2.290092149
29-04-2020,7.407395025
30-04-2020,-2.213059386
01-05-2020,-5.657909242
04-05-2020,3.458890733
05-05-2020,0.080850721
06-05-2020,-2.613143432
07-05-2020,2.600307799
08-05-2020,4.556432323
11-05-2020,-1.753463101
12-05-2020,-1.758524393
13-05-2020,-4.541803855
14-05-2020,1.11950892
15-05-2020,-0.387504621
18-05-2020,8.168936582
19-05-2020,-2.799891662
20-05-2020,3.990455786
21-05-2020,-1.601002256
22-05-2020,-0.619817657
26-05-2020,2.7806427
27-05-2020,1.289512705
28-05-2020,-2.795804827
29-05-2020,-0.462248832
01-06-2020,1.754403653
02-06-2020,2.789040115
03-06-2020,2.935342931
04-06-2020,0.023979642
05-06-2020,7.426935911
08-06-2020,4.50488576
09-06-2020,-3.755854981
10-06-2020,-4.92238289
11-06-2020,-9.421641518
12-06-2020,2.523150086
15-06-2020,0.301347829
16-06-2020,2.879350819
17-06-2020,-3.407173927
18-06-2020,1.234574992
19-06-2020,-1.51817851
22-06-2020,0.463295361
23-06-2020,0.101916722
24-06-2020,-5.548473034
25-06-2020,1.913208172
26-06-2020,-3.463778876
29-06-2020,1.342109718
30-06-2020,2.297284187
01-07-2020,-2.430642441
02-07-2020,1.110232324
06-07-2020,0.294579552
07-07-2020,-3.177591047
08-07-2020,-0.082737425
09-07-2020,-4.940648561
10-07-2020,3.193972005
13-07-2020,-0.534623621
14-07-2020,3.507800606
15-07-2020,2.159055789
16-07-2020,-0.454793419
17-07-2020,-1.39748668
20-07-2020,-1.662558874
21-07-2020,6.042108247
22-07-2020,-1.228421129
23-07-2020,-0.185235773
24-07-2020,-0.556756864
27-07-2020,0.106644416
28-07-2020,-1.704364473
29-07-2020,2.086154445
30-07-2020,-3.927850691
31-07-2020,-0.469586595
03-08-2020,0.3608026
04-08-2020,2.433635752
05-08-2020,1.052911508
06-08-2020,-0.801505662
07-08-2020,0.134666706
10-08-2020,3.093057586
11-08-2020,-0.339128638
12-08-2020,0.994731511
13-08-2020,-1.943991102
14-08-2020,0.951619897
17-08-2020,-0.576052198
18-08-2020,-1.264192452
19-08-2020,-1.146937952
20-08-2020,-2.158693083
21-08-2020,-0.634290701
24-08-2020,2.74769372
25-08-2020,-1.404634471
26-08-2020,-2.109582039
27-08-2020,0.195928326
28-08-2020,1.787703426
31-08-2020,-2.16796834
01-09-2020,-0.673199211
02-09-2020,-0.48007594
03-09-2020,-0.737807877
04-09-2020,-0.314480274
08-09-2020,-3.642102491
09-09-2020,0.684519011
10-09-2020,-3.665367315
11-09-2020,0.092040476
14-09-2020,0.766399572
15-09-2020,-0.73014243
16-09-2020,4.014713774
17-09-2020,0.147330694
18-09-2020,-1.117999807
21-09-2020,-3.3145703
22-09-2020,-1.032223494
23-09-2020,-4.519606781
24-09-2020,-0.033095014
25-09-2020,-0.066226905
28-09-2020,2.352560772
29-09-2020,-2.75169849
30-09-2020,-0.299593332
01-10-2020,-3.071768419
02-10-2020,0.964482196
05-10-2020,3.00238239
06-10-2020,-1.490539183
07-10-2020,1.41223833
08-10-2020,3.746677427
09-10-2020,-1.597960399
12-10-2020,0.259831444
13-10-2020,-1.554911824
14-10-2020,0.427776086
15-10-2020,1.212321949
16-10-2020,-2.266120989
19-10-2020,-2.119903228
20-10-2020,1.184433733
21-10-2020,-1.906359307
22-10-2020,4.125485051
23-10-2020,-0.491164601
26-10-2020,-3.586711068
27-10-2020,-1.296916163
28-10-2020,-4.183971492
29-10-2020,3.06750022
30-10-2020,0.560222937
02-11-2020,3.412259122
03-11-2020,-0.572382729
04-11-2020,0.135436049
05-11-2020,0
06-11-2020,-2.16436681
09-11-2020,14.27587144
10-11-2020,3.236535275
11-11-2020,-1.025491106
12-11-2020,-3.22677221
13-11-2020,3.64027654
16-11-2020,6.582032541
17-11-2020,1.024661326
18-11-2020,-2.905721958
19-11-2020,1.637510566
20-11-2020,-0.527779038
23-11-2020,7.065017167
24-11-2020,5.138267619
25-11-2020,-2.331921732
27-11-2020,-1.168375658
30-11-2020,-5.525587828
01-12-2020,0.462446718
02-12-2020,3.249415043
03-12-2020,1.049022695
04-12-2020,5.450312644
07-12-2020,-2.338190387
08-12-2020,1.486900112
09-12-2020,0.22348608
10-12-2020,3.072384913
11-12-2020,-1.153865247
14-12-2020,-3.501960192
15-12-2020,1.965731966
16-12-2020,-0.494328347
17-12-2020,-0.471911215
18-12-2020,-1.672072509
21-12-2020,-1.928995921
22-12-2020,-1.678485635
23-12-2020,2.213926765
24-12-2020,-0.521923195
28-12-2020,-0.629603188
29-12-2020,-0.659961574
30-12-2020,1.567888324
31-12-2020,-0.837278427
04-01-2021,0.158343924
05-01-2021,4.478378663
06-01-2021,3.050953186
07-01-2021,1.468054691
08-01-2021,-0.120583122
11-01-2021,1.569300847
12-01-2021,3.494195314
13-01-2021,-0.780897942
14-01-2021,2.96293192
15-01-2021,-3.889376952
19-01-2021,2.011713333
20-01-2021,0.366881932
21-01-2021,-3.381303605
22-01-2021,-0.520229556
25-01-2021,-1.0221042
26-01-2021,-2.137357608
27-01-2021,-1.349707994
28-01-2021,1.169161729
29-01-2021,-3.319402667
01-02-2021,0.712104783
02-02-2021,1.085856647
03-02-2021,4.271794564
04-02-2021,1.102062667
05-02-2021,0.853086919
08-02-2021,4.18232095
09-02-2021,-1.059997785
10-02-2021,1.914745624
11-02-2021,-1.543267318
12-02-2021,1.476621552
16-02-2021,2.507251616
17-02-2021,1.485063424
18-02-2021,-2.259554672
19-02-2021,1.673301844
22-02-2021,3.464700717
23-02-2021,1.653415278
24-02-2021,3.541264595
25-02-2021,-1.928810484
26-02-2021,-2.372262279
01-03-2021,2.596050594
02-03-2021,-0.546544718
03-03-2021,1.465483166
04-03-2021,2.387151473
05-03-2021,3.742172864
08-03-2021,0.188870987
09-03-2021,-1.753087208
10-03-2021,2.532624819
11-03-2021,0.037424503
12-03-2021,0.205778617
15-03-2021,-1.138706309
16-03-2021,-2.851188474
17-03-2021,0.777440194
18-03-2021,-4.493752561
19-03-2021,0.020216026
22-03-2021,-0.958991279
23-03-2021,-1.462705638
24-03-2021,2.508886408
25-03-2021,0.36712228
26-03-2021,2.479156697
29-03-2021,-1.189742267
30-03-2021,-0.862957742
31-03-2021,-0.688256419
01-04-2021,2.547895527
05-04-2021,-2.385212734
06-04-2021,-0.264708995
07-04-2021,0.347110616
08-04-2021,-1.302178368
09-04-2021,-0.659624811
12-04-2021,-0.788557718
13-04-2021,0.104565285
14-04-2021,2.778936864
15-04-2021,-0.813152892
16-04-2021,-0.799353413
19-04-2021,-0.103308865
20-04-2021,-2.647367148
21-04-2021,1.274707231
22-04-2021,-1.174737289
23-04-2021,0.912763905
26-04-2021,0.673092791
27-04-2021,1.21187469
28-04-2021,3.447577608
29-04-2021,1.117527061
30-04-2021,-2.526162306
03-05-2021,2.75362816
04-05-2021,0.059087231
05-05-2021,3.229622446
06-05-2021,0.515079232
07-05-2021,1.78400922
10-05-2021,0.037311775
11-05-2021,-2.572236329
12-05-2021,0.478291626
13-05-2021,-1.218597775
14-05-2021,3.103336596
17-05-2021,2.318179891
18-05-2021,-2.320488553
19-05-2021,-2.487831399
20-05-2021,-0.153465367
21-05-2021,0.211338152
24-05-2021,0.996930005
25-05-2021,-2.031151583
26-05-2021,0.891314867
27-05-2021,0.076816872
28-05-2021,0.191899005
01-06-2021,3.849847382
02-06-2021,1.862792769
03-06-2021,0.271583602
04-06-2021,0.668100821
07-06-2021,-0.430477626
08-06-2021,0.864693393
09-06-2021,-0.625106636
10-06-2021,-0.125822034
11-06-2021,-0.341892748
14-06-2021,-0.433377553
15-06-2021,1.904228501
16-06-2021,-0.533887418
17-06-2021,-3.399525616
18-06-2021,-2.963518098
21-06-2021,4.26147169
22-06-2021,0.66578918
23-06-2021,0.275612167
24-06-2021,0.86110342
25-06-2021,0.526807125
28-06-2021,-3.379115539
29-06-2021,-0.486255225
30-06-2021,1.24036335
01-07-2021,1.74496234
02-07-2021,-0.21895462
06-07-2021,-3.254708818
07-07-2021,-1.625397597
08-07-2021,-0.576387134
09-07-2021,2.125609695
12-07-2021,-0.151363949
13-07-2021,-0.758008419
14-07-2021,-2.978812485
15-07-2021,-1.397336421
16-07-2021,-2.834355692
19-07-2021,-3.533279092
20-07-2021,1.34157556
21-07-2021,3.488118526
22-07-2021,-1.11672325
23-07-2021,-0.36961972
26-07-2021,2.473222161
27-07-2021,-0.925209562
28-07-2021,0.913526961
29-07-2021,0.965602986
30-07-2021,-1.593955811
02-08-2021,-0.749128257
03-08-2021,1.713581809
04-08-2021,-2.707583963
05-08-2021,1.133794362
06-08-2021,0.91725101
09-08-2021,-1.41385052
10-08-2021,1.761920469
11-08-2021,0.785179843
12-08-2021,-0.099884768
13-08-2021,-1.179754089
16-08-2021,-1.841368912
17-08-2021,-1.03070905
18-08-2021,-2.082895699
19-08-2021,-2.595199143
20-08-2021,0.218388867
23-08-2021,3.748093559
24-08-2021,1.659324195
25-08-2021,0.764451205
26-08-2021,-1.517321278
27-08-2021,2.665007948
30-08-2021,-1.176243829
31-08-2021,-0.677189249
01-09-2021,-1.466950368
02-09-2021,2.537212428
03-09-2021,-0.572598671
07-09-2021,-0.596432526
08-09-2021,-1.282850165
09-09-2021,0.209572709
10-09-2021,-0.04182323
13-09-2021,2.866693135
14-09-2021,-1.44423651
15-09-2021,3.735796838
16-09-2021,-1.134101278
17-09-2021,-0.744631739
20-09-2021,-3.053663004
21-09-2021,0.232840686
22-09-2021,3.08343827
23-09-2021,3.503372179
24-09-2021,0.752179435
27-09-2021,3.555983605
28-09-2021,0.341486542
29-09-2021,0
30-09-2021,-1.512575464
01-10-2021,3.359585806
04-10-2021,1.63447868
05-10-2021,0.584772401
06-10-2021,-1.053763979
07-10-2021,0.771200343
08-10-2021,3.079451897
11-10-2021,-0.371225337
12-10-2021,0.088718875
13-10-2021,-0.088640234
14-10-2021,1.224277594
15-10-2021,0.490800098
18-10-2021,0.069762182
19-10-2021,1.132995592
20-10-2021,0.810068971
21-10-2021,-1.846466511
22-10-2021,0.940589866
25-10-2021,1.466802037
26-10-2021,0.578220109
27-10-2021,-2.874545398
28-10-2021,0.713790782
29-10-2021,-0.656865662
01-11-2021,1.722640817
02-11-2021,-0.94082154
03-11-2021,-0.828866152
04-11-2021,0.13930397
05-11-2021,1.304119519
08-11-2021,0.909712159
09-11-2021,0.408236938
10-11-2021,-2.642729477
11-11-2021,0.382824922
12-11-2021,-0.242696315
15-11-2021,0.834058557
16-11-2021,0.155086376
17-11-2021,-1.531303366
18-11-2021,-0.59409766
19-11-2021,-3.902270258
22-11-2021,1.774282171
23-11-2021,3.073337373
24-11-2021,0.976450381
26-11-2021,-4.023469662
29-11-2021,0.575747426
30-11-2021,-2.343474018
01-12-2021,-1.062466087
02-12-2021,2.906872504
03-12-2021,-0.791662416
06-12-2021,1.487136556
07-12-2021,2.340953621
08-12-2021,-0.017473888
09-12-2021,-0.768427735
10-12-2021,0.739199283
13-12-2021,-2.777791181
14-12-2021,-0.413304274
15-12-2021,-0.487170477
16-12-2021,0.634618475
17-12-2021,-2.036036515
20-12-2021,-1.238934822
21-12-2021,2.848523288
22-12-2021,0.641966175
23-12-2021,0.054675123
27-12-2021,2.18580206
28-12-2021,-0.071291686
29-12-2021,-0.642189313
30-12-2021,-0.610407615
31-12-2021,0.25289475
03-01-2022,3.099090339
04-01-2022,3.460326428
05-01-2022,-0.016896825
06-01-2022,2.230124414
07-01-2022,1.371680226
10-01-2022,-0.309755994
11-01-2022,3.401461491
12-01-2022,0.18977811
13-01-2022,-0.505129811
14-01-2022,2.348091327
18-01-2022,0.403017304
19-01-2022,-0.725613283
20-01-2022,-0.91757671
21-01-2022,-1.977720512
24-01-2022,0.672536607
25-01-2022,3.881019404
26-01-2022,-0.16841799
27-01-2022,1.088961404
28-01-2022,-0.424829413
31-01-2022,0.441876806
01-02-2022,3.564914669
02-02-2022,0.322250418
03-02-2022,-0.949040963
04-02-2022,1.562504219
07-02-2022,1.277202982
08-02-2022,-2.149599998
09-02-2022,0.834792079
10-02-2022,-0.624536701
11-02-2022,2.90850865
14-02-2022,-2.357606074
15-02-2022,-1.047280882
16-02-2022,0.808439817
17-02-2022,-0.160375145
18-02-2022,-0.613399748
22-02-2022,-1.616479517
23-02-2022,1.030621809
24-02-2022,-0.78354323
25-02-2022,2.637443558
28-02-2022,2.468063746
01-03-2022,1.005954726
02-03-2022,2.286422032
03-03-2022,0.274283188
04-03-2022,2.885682717
07-03-2022,1.475452818
08-03-2022,1.571916646
09-03-2022,-3.056467651
10-03-2022,3.059740209
11-03-2022,-0.80032335
14-03-2022,-2.992829914
15-03-2022,-3.662000291
16-03-2022,-0.459485745
17-03-2022,3.441056674
18-03-2022,-0.094651624
21-03-2022,4.031124045
22-03-2022,-0.735567432
23-03-2022,1.720249354
24-03-2022,0.24717285
25-03-2022,2.193103409
28-03-2022,-2.476176085
29-03-2022,-0.260431176
30-03-2022,1.161872632
31-03-2022,-1.355015823
01-04-2022,0.811095994
04-04-2022,0.129781745
05-04-2022,-1.568170592
06-04-2022,0.592497572
07-04-2022,1.308918308
08-04-2022,2.751912741
11-04-2022,-3.00514221
12-04-2022,1.659297203
13-04-2022,1.491962103
14-04-2022,0.326706282
18-04-2022,1.465242775
19-04-2022,-0.814620523
20-04-2022,0.385770354
21-04-2022,-3.173440405
22-04-2022,-2.445271686
25-04-2022,-3.307089946
26-04-2022,0.13572391
27-04-2022,1.463817731
28-04-2022,3.032331309
29-04-2022,-2.567083586
02-05-2022,1.596805535
03-05-2022,2.802868573
04-05-2022,4.153404788
05-05-2022,-1.504600355
06-05-2022,2.980645832
09-05-2022,-8.273050398
10-05-2022,0.907178759
11-05-2022,1.342030219
12-05-2022,0.42426091
13-05-2022,3.418256713
16-05-2022,2.636788772
17-05-2022,1.157904048
18-05-2022,-2.563490541
19-05-2022,-0.367122482
20-05-2022,0.42984977
23-05-2022,2.641577749
24-05-2022,0.381257209
25-05-2022,2.065284301
26-05-2022,1.104809539
27-05-2022,1.828812872
31-05-2022,-1.50230105
01-06-2022,1.628454847
02-06-2022,-0.315977175
03-06-2022,1.324443649
06-06-2022,-0.111720877
07-06-2022,2.986243123
08-06-2022,0.217187052
09-06-2022,-2.210660642
10-06-2022,-1.695467366
13-06-2022,-5.219251449
14-06-2022,0.190293525
15-06-2022,-2.207983159
16-06-2022,-5.632434057
17-06-2022,-5.466945064
21-06-2022,5.180592236
22-06-2022,-4.003145819
23-06-2022,-3.706725328
24-06-2022,1.316150814
27-06-2022,2.933394329
28-06-2022,2.700500582
29-06-2022,-3.475168404
30-06-2022,-2.108140605
01-07-2022,1.496290203
05-07-2022,-3.968042604
06-07-2022,-1.707312459
07-07-2022,3.605321299
08-07-2022,-0.042259379
11-07-2022,-0.958437139
12-07-2022,-1.949611321
13-07-2022,-0.159653047
14-07-2022,-1.889824242
15-07-2022,1.629879238
18-07-2022,2.288970624
19-07-2022,3.078676875
20-07-2022,0.967897248
21-07-2022,-1.752933977
22-07-2022,-0.822413023
25-07-2022,3.668297988
26-07-2022,-0.908323434
27-07-2022,2.257464399
28-07-2022,0.561979433
29-07-2022,4.337391835
01-08-2022,-2.065780763
02-08-2022,-0.234374032
03-08-2022,-2.871337397
04-08-2022,-3.708654829
05-08-2022,1.981575333
08-08-2022,0.519983582
09-08-2022,1.756044722
10-08-2022,0.722416275
11-08-2022,3.440004771
12-08-2022,0.757574621
15-08-2022,-1.949766274
16-08-2022,-0.233947575
17-08-2022,0.833767797
18-08-2022,2.687331084
19-08-2022,-0.025170462
22-08-2022,-0.188768227
23-08-2022,3.606102183
24-08-2022,1.229155822
25-08-2022,0.769416007
26-08-2022,-1.169183974
29-08-2022,1.508948884
30-08-2022,-3.389217168
31-08-2022,-0.910894718
01-09-2022,-2.459627922
02-09-2022,1.833941643
06-09-2022,-0.925476328
07-09-2022,-1.161314778
08-09-2022,0.434239784
09-09-2022,2.492352815
12-09-2022,1.836224387
13-09-2022,-2.521924908
14-09-2022,2.824649484
15-09-2022,-2.576887496
16-09-2022,-2.133496415
19-09-2022,0.059296968
20-09-2022,-0.69554223
21-09-2022,-1.465612535
22-09-2022,-0.355421407
23-09-2022,-6.895612282
26-09-2022,-2.454618167
27-09-2022,1.119992872
28-09-2022,4.430387489
29-09-2022,0
30-09-2022,-0.798902288
03-10-2022,5.651200908
04-10-2022,4.297555436
05-10-2022,2.066537035
06-10-2022,1.777779318
07-10-2022,-0.776341751
10-10-2022,-2.053775063
11-10-2022,-0.79880137
12-10-2022,0.805233587
13-10-2022,4.08136915
14-10-2022,-3.729443567
17-10-2022,1.245624651
18-10-2022,0.873516671
19-10-2022,2.951591067
20-10-2022,0.094776671
21-10-2022,2.88791227
24-10-2022,0.471637814
25-10-2022,0.103044487
26-10-2022,1.361098722
27-10-2022,0.361087445
28-10-2022,0.348546941
31-10-2022,0.840348883
01-11-2022,0.966671669
02-11-2022,-2.410049921
03-11-2022,1.849350242
04-11-2022,1.217884117
07-11-2022,1.717349507
08-11-2022,0.09679246
09-11-2022,-4.888277423
10-11-2022,2.225250379
11-11-2022,2.906051428
14-11-2022,-0.032197925
15-11-2022,1.052640167
16-11-2022,-2.040823848
17-11-2022,0.217007613
18-11-2022,-0.790384095
21-11-2022,-1.353249336
22-11-2022,3.130853905
23-11-2022,-1.083443184
25-11-2022,-0.36872362
28-11-2022,-2.743022158
29-11-2022,1.510914786
30-11-2022,0.496154116
01-12-2022,-0.329136387
02-12-2022,-0.594380079
05-12-2022,-2.967556184
06-12-2022,-2.636099518
07-12-2022,-0.234404876
08-12-2022,-0.446429264
09-12-2022,-2.430961403
12-12-2022,2.624586711
13-12-2022,1.897457803
14-12-2022,-0.612995875
15-12-2022,-0.605151178
16-12-2022,-1.229357734
19-12-2022,-0.011988672
20-12-2022,1.509168176
21-12-2022,1.899711714
22-12-2022,-2.30430471
23-12-2022,3.188336958
27-12-2022,1.068237838
28-12-2022,-2.238910209
29-12-2022,1.046278801
30-12-2022,0.632774653
03-01-2023,-3.509793211
04-01-2023,-0.011860832
05-01-2023,1.824886822
06-01-2023,1.896876193
09-01-2023,-0.354014875
10-01-2023,0.710592016
11-01-2023,0.30726119
12-01-2023,1.906055937
13-01-2023,0.144731823
17-01-2023,0.211233102
18-01-2023,-1.830484541
19-01-2023,1.243086601
20-01-2023,0.99341261
23-01-2023,0.132612256
24-01-2023,-0.3862968
25-01-2023,0.011073902
26-01-2023,3.157550601
27-01-2023,-2.019130303
30-01-2023,-2.290909651
31-01-2023,0.886254692
01-02-2023,-1.968191225
02-02-2023,-2.279957164
03-02-2023,-0.22055039
06-02-2023,-0.453683336
07-02-2023,3.248788497
08-02-2023,-0.894179316
09-02-2023,-0.856543899
10-02-2023,3.916595524
13-02-2023,-0.254957656
14-02-2023,0.03333956
15-02-2023,-1.699805368
16-02-2023,-0.983275097
17-02-2023,-3.56124155
21-02-2023,-0.497101979
22-02-2023,-0.666094464
23-02-2023,1.50878679
24-02-2023,-0.129764715
27-02-2023,0.295310904
28-02-2023,-1.436828541
01-03-2023,1.971550485
02-03-2023,0.878854444
03-03-2023,1.359042119
06-03-2023,0.045850879
07-03-2023,-1.741132398
08-03-2023,-1.025885052
09-03-2023,-1.413425623
10-03-2023,-1.278375405
13-03-2023,-2.033157046
14-03-2023,0.98825623
15-03-2023,-5.370023818
16-03-2023,1.08582566
17-03-2023,-1.57287616
20-03-2023,2.001954157
21-03-2023,3.462039234
22-03-2023,-2.127137296
23-03-2023,-1.385343513
24-03-2023,0.386643164
27-03-2023,2.13121173
28-03-2023,1.546195287
29-03-2023,1.386492751
30-03-2023,0.439547288
31-03-2023,0.692930448
03-04-2023,4.527359759
04-04-2023,-1.813364904
05-04-2023,1.505689861
06-04-2023,-1.51810809
10-04-2023,0.800171685
11-04-2023,0.945608443
12-04-2023,0.06936121
13-04-2023,0.624070556
14-04-2023,0.183790849
17-04-2023,-1.180817905
18-04-2023,0.39443755
19-04-2023,-0.346665752
20-04-2023,-0.881256228
21-04-2023,-0.584912619
24-04-2023,1.529746984
25-04-2023,-1.877598806
26-04-2023,-1.334766137
27-04-2023,0.359157877
28-04-2023,1.550771401
01-05-2023,-1.127685047
02-05-2023,-4.348350376
03-05-2023,-1.88797268
04-05-2023,-1.114061533
05-05-2023,2.714141573
08-05-2023,0
09-05-2023,0.037377936
10-05-2023,-1.1338272
11-05-2023,-1.197210043
12-05-2023,0.153053214
15-05-2023,0.509432064
16-05-2023,-2.458191792
17-05-2023,1.922574861
18-05-2023,0.726490687
19-05-2023,0.771855088
22-05-2023,-0.414365833
23-05-2023,1.071754921
24-05-2023,0.436618177
25-05-2023,-1.776188657
26-05-2023,-0.391998726
30-05-2023,-1.028310442
31-05-2023,-1.757332871
01-06-2023,1.240395142
02-06-2023,3.043594715
05-06-2023,-0.663334105
06-06-2023,0.806352018
07-06-2023,2.6496684
08-06-2023,-0.426155177
09-06-2023,-0.550260168
12-06-2023,-0.959040411
13-06-2023,0.471743673
14-06-2023,-1.025568204
15-06-2023,1.098623051
16-06-2023,-0.148186972
20-06-2023,-2.238185559
21-06-2023,0.791229343
22-06-2023,-1.342127306
23-06-2023,-0.718687384
26-06-2023,1.796796824
27-06-2023,0.228574465
28-06-2023,1.013558465
29-06-2023,1.153881733
30-06-2023,0.644777659
03-07-2023,0.234075877
05-07-2023,-0.553109575
06-07-2023,-2.249415382
07-07-2023,2.149447157
10-07-2023,0.779814875
11-07-2023,2.198450863
12-07-2023,0.925392193
13-07-2023,-0.381043915
14-07-2023,-2.641642
17-07-2023,-0.196439947
18-07-2023,1.008719029
19-07-2023,0.584582979
20-07-2023,1.174485032
21-07-2023,0.885595502
24-07-2023,1.613279787
25-07-2023,0.525325665
26-07-2023,0.034838074
27-07-2023,-0.638491097
28-07-2023,0.303776819
31-07-2023,1.898663431
01-08-2023,-0.468685292
02-08-2023,-1.309287378
03-08-2023,1.012448373
04-08-2023,0.138253772
07-08-2023,0.115050875
08-08-2023,0.494129973
09-08-2023,1.257871321
10-08-2023,-0.011298737
11-08-2023,1.536032286
14-08-2023,-0.422690565
15-08-2023,-2.077754694
16-08-2023,-0.866983433
17-08-2023,1.196789753
18-08-2023,0.989298132
21-08-2023,-0.630561009
22-08-2023,-0.770535408
23-08-2023,-0.25122585
24-08-2023,-0.686888715
25-08-2023,0.968287919
28-08-2023,0.673602403
29-08-2023,0.272162056
30-08-2023,0.497630622
31-08-2023,0.067528859
01-09-2023,2.046767677
05-09-2023,0.528993948
06-09-2023,0.043854523
07-09-2023,-0.09862503
08-09-2023,0.965231902
11-09-2023,-1.314511279
12-09-2023,2.355802321
13-09-2023,-0.752858148
14-09-2023,1.170349354
15-09-2023,-1.446004699
18-09-2023,0.847411182
19-09-2023,-0.933660874
20-09-2023,-0.931515107
21-09-2023,-1.371667798
22-09-2023,0.168231009
25-09-2023,1.254053245
26-09-2023,-0.575030365
27-09-2023,2.491386883
28-09-2023,0.108520697
29-09-2023,-2.016265807
02-10-2023,-1.991371872
03-10-2023,-0.067732565
04-10-2023,-3.140165883
05-10-2023,-0.618088901
06-10-2023,0.59845643
09-10-2023,3.336054735
10-10-2023,0.124164392
11-10-2023,-1.285224135
12-10-2023,0.114200394
13-10-2023,2.20168506
16-10-2023,0.669729881
17-10-2023,1.042233132
18-10-2023,0.910796489
19-10-2023,-0.173986669
20-10-2023,-1.677560978
23-10-2023,-1.617538209
24-10-2023,-1.407674179
25-10-2023,-0.182759688
26-10-2023,-0.778118946
27-10-2023,-2.398791312
30-10-2023,0.330859854
31-10-2023,0.329750036
01-11-2023,-0.234782966
02-11-2023,3.023901445
03-11-2023,-1.00502709
06-11-2023,-1.130599403
07-11-2023,-2.217039586
08-11-2023,-1.252968272
09-11-2023,-0.302120295
10-11-2023,1.103025333
13-11-2023,0.719341818
14-11-2023,0.892748205
15-11-2023,-0.188766103
16-11-2023,-1.950352575
17-11-2023,2.097654804
20-11-2023,0.141684533
21-11-2023,-0.224021139
22-11-2023,-0.047276651
24-11-2023,0.413798139
27-11-2023,-0.353219814
28-11-2023,0.023630832
29-11-2023,-0.744237644
30-11-2023,0.666504953
01-12-2023,0.520213859
04-12-2023,-0.458710873
05-12-2023,-1.748794386
06-12-2023,-1.491275538
07-12-2023,-0.683683838
08-12-2023,1.081747724
11-12-2023,0.12161234
12-12-2023,-1.372532853
13-12-2023,1.391633479
14-12-2023,2.939393638
15-12-2023,-0.530973734
18-12-2023,0.81678891
19-12-2023,1.199797705
20-12-2023,-0.927329002
21-12-2023,0.390992117
22-12-2023,0.295062666
26-12-2023,0.85901449
27-12-2023,-0.443350293
28-12-2023,-1.523505775
29-12-2023,-0.226116455
02-01-2024,1.073481072
03-01-2024,1.628518089
04-01-2024,-1.753361651
05-01-2024,0.082718318
08-01-2024,-1.157294801
09-01-2024,-1.600949883
10-01-2024,-0.983493153
11-01-2024,0.257514828
12-01-2024,1.125239987
16-01-2024,-2.382667302
17-01-2024,-0.830148936
18-01-2024,-0.162404968
19-01-2024,0.325348166
22-01-2024,0.374220632
23-01-2024,0.211258935
24-01-2024,1.426087786
25-01-2024,2.249644862
26-01-2024,0.741369516
29-01-2024,-0.142435509
30-01-2024,1.034121038
31-01-2024,-1.870590194
01-02-2024,-0.011982861
02-02-2024,0.143877725
05-02-2024,-0.251431354
06-02-2024,0.324095897
07-02-2024,0.203398021
08-02-2024,1.026869391
09-02-2024,-1.53647017
12-02-2024,1.104314145
13-02-2024,-1.009151389
14-02-2024,-0.095944649
15-02-2024,2.78511425
16-02-2024,-0.058386226
20-02-2024,-0.911548831
21-02-2024,1.875223172
22-02-2024,0.173644951
23-02-2024,-0.658714289
26-02-2024,0.348995891
27-02-2024,-0.428936491
28-02-2024,-0.197927665
29-02-2024,0.489956724
01-03-2024,1.160913314
04-03-2024,-1.067255987
05-03-2024,0.742379012
06-03-2024,0.310885767
07-03-2024,0.84939546
08-03-2024,0.352833687
11-03-2024,1.032089669
12-03-2024,-0.157152816
13-03-2024,1.596574845
14-03-2024,1.029224174
15-03-2024,0.295756827
18-03-2024,0.345720935
19-03-2024,1.141097394
20-03-2024,-0.141031089
21-03-2024,0.597506138
22-03-2024,-0.215982904
25-03-2024,0.930733333
26-03-2024,-0.772037521
27-03-2024,0.92934221
28-03-2024,1.08136373
01-04-2024,0.741447489
02-04-2024,1.398384427
03-04-2024,0.684352516
04-04-2024,-0.061796853
05-04-2024,1.071727226
08-04-2024,-0.63213919
09-04-2024,0.030784294
10-04-2024,0.307732164
11-04-2024,-0.071587616
12-04-2024,-1.627098436
15-04-2024,-0.936224866
16-04-2024,-0.871585452
17-04-2024,-0.286006442
18-04-2024,-0.308092288
19-04-2024,1.204180886
22-04-2024,0.652839939
23-04-2024,0.554454215
24-04-2024,0.072815117
25-04-2024,0.457431671
26-04-2024,-0.921047095
29-04-2024,0.678926807
30-04-2024,-2.977487539
01-05-2024,-1.593234329
02-05-2024,0.57589369
03-05-2024,0.010804657
06-05-2024,0.788595637
07-05-2024,-0.096470646
08-05-2024,-0.118014036
09-05-2024,1.34264776
10-05-2024,-0.551141512
13-05-2024,-0.266435376
14-05-2024,0.128234309
15-05-2024,0.224120552
16-05-2024,-0.276857722
17-05-2024,1.398819009
20-05-2024,-0.652908693
21-05-2024,-0.487595163
22-05-2024,-1.917342916
23-05-2024,-0.912254404
24-05-2024,0.142492638
28-05-2024,1.028771191
29-05-2024,-1.76578489
30-05-2024,0.286727967
31-05-2024,2.485153659
03-06-2024,-2.618031303
04-06-2024,-0.958570332
05-06-2024,-0.011125588
06-06-2024,0.522926002
07-06-2024,-0.398455991
10-06-2024,0.755638441
11-06-2024,-0.198520565
12-06-2024,-1.071948635
13-06-2024,-0.915990302
14-06-2024,-0.744069487
17-06-2024,0.261238871
18-06-2024,0.419166148
20-06-2024,1.838894299
21-06-2024,-0.576043213
24-06-2024,2.521467369
25-06-2024,0.230065175
26-06-2024,-0.983712218
27-06-2024,0.23182607
28-06-2024,0.385454657
01-07-2024,0.054855947
02-07-2024,-0.076761324
03-07-2024,0.438935401
05-07-2024,-1.562327724
08-07-2024,-0.610430244
09-07-2024,-0.88219422
10-07-2024,0.675987631
11-07-2024,1.040727721
12-07-2024,0.25473569
15-07-2024,1.513476216
16-07-2024,0.446194658
17-07-2024,0.996744945
18-07-2024,0.182365332
19-07-2024,-1.092191893
22-07-2024,-0.627911054
23-07-2024,-1.59058973
24-07-2024,0.011060479
25-07-2024,1.726815253
26-07-2024,0.315569644
29-07-2024,-0.856922817
30-07-2024,1.553601725
31-07-2024,0.420171438
01-08-2024,-2.64994034
02-08-2024,-2.578783237
05-08-2024,-2.205891128
06-08-2024,0.61307147
07-08-2024,0.402400993
08-08-2024,2.152746659
09-08-2024,0.224195478
12-08-2024,0.492111109
13-08-2024,-0.968282903
14-08-2024,0.584402774
15-08-2024,1.195529857
16-08-2024,-0.110405914
19-08-2024,0.674253891
20-08-2024,-2.635040952
21-08-2024,0.169142783
22-08-2024,0.25891375
23-08-2024,1.493379693
26-08-2024,0.896119388
27-08-2024,-0.932014303
28-08-2024,-0.641958151
29-08-2024,1.303332596
30-08-2024,0.373866485
03-09-2024,-2.486841977
04-09-2024,-1.381868854
05-09-2024,-0.774659481
06-09-2024,-1.251440064
09-09-2024,0.720842009
10-09-2024,-1.719956676
11-09-2024,-0.927889303
12-09-2024,0.901018297
13-09-2024,0.563965812
16-09-2024,1.144997489
17-09-2024,1.351509368
18-09-2024,0.193755376
19-09-2024,1.194396654
20-09-2024,-0.224816819
23-09-2024,1.234773543
24-09-2024,-0.246858672
25-09-2024,-1.9572562
26-09-2024,-1.961913965
27-09-2024,2.036279535
30-09-2024,0.699623783
01-10-2024,2.27790347
02-10-2024,1.02449868
03-10-2024,1.763664392
04-10-2024,0.93154974
07-10-2024,0.354153977
08-10-2024,-2.609354914
09-10-2024,0.603940775
10-10-2024,0.676703409
11-10-2024,0.617949142
14-10-2024,-0.043096635
15-10-2024,-3.223026162
16-10-2024,0.478947994
17-10-2024,0.476665016
18-10-2024,-0.33098426
21-10-2024,-0.29886229
22-10-2024,0.233150925
23-10-2024,-0.520608307
24-10-2024,-0.011127633
25-10-2024,-0.033412315
28-10-2024,-0.634951895
29-10-2024,-1.524664505
30-10-2024,0.227692753
31-10-2024,0.62470857
01-11-2024,-0.632128433
04-11-2024,1.749407351
05-11-2024,0.669867769
06-11-2024,3.759561504
07-11-2024,-0.459597603
08-11-2024,0.665739736
11-11-2024,0.56533153
12-11-2024,-0.530337031
13-11-2024,0.778421465
14-11-2024,0.380917308
15-11-2024,-0.147575083
18-11-2024,1.330089972
19-11-2024,-0.635476938
20-11-2024,1.006498011
21-11-2024,0.809635708
22-11-2024,0.154446265
25-11-2024,-1.973890529
26-11-2024,-0.136334956
27-11-2024,-0.105018703
29-11-2024,0.431030962
02-12-2024,-1.05726465
03-12-2024,-0.010573135
04-12-2024,-2.412435582
05-12-2024,0.390317178
06-12-2024,-1.6956473
09-12-2024,-0.164788537
10-12-2024,-0.682297071
11-12-2024,0.166203003
12-12-2024,-0.807526119
13-12-2024,-0.501834121
16-12-2024,-2.196818233
17-12-2024,-0.744900235
18-12-2024,-2.955780851
19-12-2024,-0.868534947
20-12-2024,0.984158724
23-12-2024,0.587254942
24-12-2024,0.845941954
26-12-2024,-0.082702854
27-12-2024,-0.01182705
30-12-2024,-0.011819427
