Announce Date,Reference_Year,Ticker,Acquirer Name,Annual_Sales (Million $),Acquirer_GHG_Emissions (Metric Tonnes),Carbon_Intensity,Acquirer_Classification,Target Name,Target_Classification,Seller Name,Announced Total Value (mil.),TV/EBITDA,T_minus_10_Date,T_minus_10_Price ($),T_plus_10_Date,T_plus_10_Price ($),Percent_Return,Deal Status,Benchmark_Return,Abnormal_Return,Weighted_Abnormal_Return,Weight,Log_Carbon_Intensity
2024-10-31,2023,AEE,Ameren Corp,7500.000000,19781102.630000,2637.480400,Brown,Huck Finn Renewable Energy center/Missouri,Green,,,,2024-10-18,87.560000,2024-11-11,90.970000,3.890000,Completed,4.015889,-0.125889,-0.000377,0.002993,7.877958
2024-10-24,2023,D,Dominion Energy Inc,14393.000000,29523724.000000,2051.255700,Brown,Kitty Hawk North offshore wind lease area/Kitty Hawk,Green,Avangrid Inc,160.000000,,2024-10-11,54.930000,2024-11-04,56.300000,2.490000,Completed,-2.894625,5.384625,0.030933,0.005745,7.626695
2024-10-07,2023,CRK,Comstock Resources Inc,1565.110000,402370.890000,257.088100,Brown,Quantum Generative Materials LLC,Green,,,,2024-09-26,10.930000,2024-10-17,11.610000,6.220000,Completed,3.992650,2.227350,0.001391,0.000625,5.553301
2024-09-30,2023,ULBI,Ultralife Corp,158.640000,5610.410000,35.364800,Brown,Electrochem Solutions Inc,Green,Integer Holdings Corp,50.000000,,2024-09-19,9.580000,2024-10-10,8.960000,-6.470000,Completed,5.791997,-12.261997,-0.000776,0.000063,3.593601
2024-06-27,2023,GNRC,Generac Holdings Inc,4022.670000,34280.000000,8.521700,Brown,PowerPlay Battery Energy Storage Systems/SunGrid Solutions Inc,Green,Sungrid Solutions Inc,,,2024-06-14,134.970000,2024-07-08,142.190000,5.350000,Completed,1.769040,3.580960,0.005749,0.001606,2.253573
2024-04-01,2023,WTTR,Select Water Solutions Inc,1585.350000,244677.910000,154.336500,Brown,Trinity Environmental Services LLC,Green,,,,2024-03-21,9.070000,2024-04-11,9.090000,0.220000,Completed,6.159699,-5.939699,-0.003758,0.000633,5.045594
2024-03-29,2023,LUV,Southwest Airlines Co,26091.000000,20684739.360000,792.792100,Brown,SAFFiRE Renewables LLC,Green,,,,2024-03-18,27.360000,2024-04-08,27.980000,2.280000,Completed,7.304071,-5.024071,-0.052319,0.010414,6.676822
2024-02-29,2023,LUV,Southwest Airlines Co,26091.000000,20684739.360000,792.792100,Brown,LanzaJet Inc,Green,,30.000000,,2024-02-16,32.970000,2024-03-11,32.990000,0.090000,Completed,4.041106,-3.951106,-0.041145,0.010414,6.676822
2024-02-21,2023,WEC,WEC Energy Group Inc,8893.000000,19011373.220000,2137.790800,Brown,Samson I solar energy center/Wisconsin,Green,,28.100000,,2024-02-09,73.980000,2024-03-04,76.870000,3.910000,Completed,1.891016,2.018984,0.007166,0.003549,7.667996
2024-02-02,2023,MGEE,MGE Energy Inc,690.280000,1771471.720000,2566.290300,Brown,4 MW solar hybrid project west riverside energy center/Wisconsin,Green,Alliant Energy Corp,,,2024-01-22,66.850000,2024-02-12,64.350000,-3.740000,Completed,5.064254,-8.804254,-0.002426,0.000276,7.850606
2023-12-11,2022,WCN,Waste Connections Inc,7211.860000,4812957.000000,667.367000,Brown,29 facilities/Secure Energy Services Inc,Green,Secure Waste Infrastructure Co,791.740000,,2023-11-30,134.580000,2023-12-21,146.310000,8.720000,Completed,1.813652,6.906348,0.019879,0.002878,6.504837
2023-11-06,2022,VRN,Veren Inc,3512.300000,719333.000000,204.804000,Brown,Hammerhead Energy Inc,Green,,1710.590000,,2023-10-26,7.600000,2023-11-16,6.510000,-14.360000,Completed,-5.080662,-9.279338,-0.013008,0.001402,5.326924
2023-11-03,2022,ENB,Enbridge Inc,53309.000000,7717086.430000,144.761400,Brown,7 Operating landfill gas-to-RNG facilities/Morrow Renewables,Green,Morrow Renewables LLC,1200.000000,,2023-10-23,29.970000,2023-11-13,31.550000,5.260000,Completed,-6.924443,12.184443,0.259248,0.021277,4.981971
2023-10-23,2022,ORA,Ormat Technologies Inc,734.160000,192441.770000,262.125500,Brown,Portfolio of 150 MW Operating Geothermal & Solar Assets/Nevada,Green,Enel SpA,271.000000,,2023-10-12,66.110000,2023-11-02,63.000000,-4.700000,Completed,-0.000000,-4.700000,-0.001377,0.000293,5.572631
2023-09-18,2022,GPRE,Green Plains Inc,3662.850000,1296632.040000,353.995500,Brown,Green Plains Partners LP,Green,,280.010000,7.030000,2023-09-07,32.790000,2023-09-28,30.200000,-7.900000,Completed,1.830752,-9.730752,-0.014226,0.001462,5.872105
2023-09-14,2022,CVX,Chevron Corp,235717.000000,53000000.000000,224.845900,Brown,ACES Delta project/Central,Green,,,,2023-09-01,154.170000,2023-09-25,158.310000,2.680000,Completed,2.448611,0.231389,0.021769,0.094081,5.419853
2023-08-16,2022,OXY,Occidental Petroleum Corp,36634.000000,17551718.180000,479.110100,Brown,Carbon Engineering Ltd,Green,"BHP Group Ltd,Airbus SE,Air Canada,Thomvest Ventures Inc,Lowercase Capital LLC (Fund: Lowercase Frontier LP),Starlight Ventures Inc,First Round Capital (Fund: First Round Capital VII LP),Oxy Low Carbon Ventures LLC,Bethel Lands Corp Ltd,Carbon Order Ltd,Rusheen Capital Management LLC,Chevron ...",813.120000,,2023-08-04,61.820000,2023-08-28,60.580000,-2.020000,Completed,1.589868,-3.609868,-0.052782,0.014622,6.174015
2023-06-15,2022,NOG,Northern Oil and Gas Inc,1570.540000,351378.580000,223.731800,Brown,Delaware basin assets/Northern,Green,Earthstone Energy Inc,468.400000,,2023-06-02,29.090000,2023-06-26,30.300000,4.140000,Completed,2.455037,1.684963,0.001056,0.000627,5.414908
2023-04-28,2022,TRP,TC Energy Corp,12309.000000,21133585.110000,1716.921400,Brown,155 MW Fluvanna Wind Farm/Scurry County,Green,,99.000000,,2023-04-17,38.100000,2023-05-08,37.740000,-0.940000,Completed,-8.024770,7.084770,0.034806,0.004913,7.448870
2023-04-11,2022,D,Dominion Energy Inc,13938.000000,16875266.400000,1210.738000,Brown,108 MWdc Foxhound Solar project/Longroad Energy Holdings LLC,Green,Longroad Energy Holdings LLC,,,2023-03-31,50.440000,2023-04-21,52.060000,3.220000,Completed,3.258200,-0.038200,-0.000213,0.005563,7.099811
2023-03-06,2022,VST,Vistra Corp,13728.000000,31607742.710000,2302.428800,Brown,Energy Harbor Corp,Green,,6763.000000,,2023-02-23,21.620000,2023-03-16,24.350000,12.620000,Completed,-5.613999,18.233999,0.099907,0.005479,7.742154
2023-03-03,2022,EQNR,Equinor ASA,149004.000000,11434603.140000,76.740200,Brown,Suncor Energy UK Ltd,Green,Suncor Energy Inc,882.480000,,2023-02-17,25.030000,2023-03-13,23.680000,-5.380000,Completed,-7.601873,2.221873,0.132137,0.059471,4.353372
2022-11-18,2021,CVX,Chevron Corp,155606.000000,28582001.820000,183.681900,Brown,Beyond6 LLC,Green,"Mercuria Energy Trading Inc,Unknown Seller",,,2022-11-07,168.040000,2022-11-28,162.720000,-3.160000,Completed,-1.986158,-1.173842,-0.072903,0.062106,5.218635
2022-11-02,2021,WTTR,Select Water Solutions Inc,764.620000,335852.060000,439.240500,Brown,"Breakwater Energy Partners LLC,Breakwater & water pipeline assets/Cypress Environmental Services LLC",Green,Cypress Environmental Partners,,,2022-10-21,8.120000,2022-11-14,8.150000,0.350000,Completed,10.504113,-10.154113,-0.003099,0.000305,6.087321
2022-10-26,2021,PROP,Prairie Operating Co,0.810000,301.260000,373.030500,Brown,Prairie Operating Co LLC,Green,,28.200000,,2022-10-14,6.470000,2022-11-07,4.410000,-31.820000,Completed,11.512176,-27.149839,-0.000009,0.000000,5.924337
2022-10-18,2021,D,Dominion Energy Inc,13964.000000,15471297.200000,1107.941600,Brown,Energy Storage Project/East Point Energy,Green,East Point Energy LLC,,,2022-10-07,56.750000,2022-10-28,61.180000,7.800000,Completed,8.260542,-0.460542,-0.002567,0.005573,7.011161
2022-09-29,2021,ENB,Enbridge Inc,47071.000000,7431128.000000,157.870600,Brown,Tri Global Energy LLC,Green,"Altius Minerals Corp,Unknown Seller",270.000000,,2022-09-16,35.770000,2022-10-10,31.770000,-11.170000,Completed,2.375691,-13.545691,-0.254486,0.018787,5.068090
2022-09-23,2021,ETR,Entergy Corp,11742.900000,35663689.000000,3037.043800,Brown,475 MW Solar Gnerating capacity/US,Green,,,,2022-09-12,52.510000,2022-10-03,44.730000,-14.810000,Completed,-3.316603,-11.493397,-0.053868,0.004687,8.018969
2022-08-11,2021,KMI,Kinder Morgan Inc,16610.000000,14100000.000000,848.886200,Brown,North American Natural Resources Inc,Green,,135.000000,,2022-07-29,15.510000,2022-08-22,16.010000,3.170000,Completed,5.521540,-2.351540,-0.015589,0.006629,6.745102
2022-08-09,2021,EVRG,Evergy Inc,5586.700000,26540373.000000,4750.635100,Brown,199 MW Persimmon creek wind Farm/Oklahoma,Green,"Gestamp Eolica SL,Scout Clean Energy LLC",250.000000,,2022-07-29,60.620000,2022-08-19,63.860000,5.350000,Completed,5.721108,-0.371108,-0.000827,0.002230,8.466244
2022-08-09,2021,EVRG,Evergy Inc,5586.700000,26540373.000000,4750.635100,Brown,Wind farm/Oklahoma,Green,,,,2022-07-29,60.620000,2022-08-19,63.860000,5.350000,Completed,5.721108,-0.371108,-0.000827,0.002230,8.466244
2022-04-19,2021,ALE,ALLETE Inc,1419.200000,2599166.900000,1831.431000,Brown,New Energy Equity,Green,,165.500000,,2022-04-08,56.680000,2022-04-29,51.800000,-8.620000,Completed,-2.906988,-5.713012,-0.003236,0.000566,7.513399
2022-03-15,2021,ENPH,Enphase Energy Inc,1382.050000,12095.160000,8.751600,Brown,SolarLeadFactory LLC,Green,,,,2022-03-04,158.150000,2022-03-25,193.810000,22.550000,Completed,8.729865,13.820135,0.007623,0.000552,2.277431
2022-03-03,2021,ALE,ALLETE Inc,1419.200000,2599166.900000,1831.431000,Brown,NEW Energy Equity LLC,Green,"Unknown Seller,SmartPitch Ventures LLC",165.500000,,2022-02-18,53.510000,2022-03-14,57.030000,6.590000,Completed,8.879818,-2.289818,-0.001297,0.000566,7.513399
2022-02-28,2021,CVX,Chevron Corp,155606.000000,28582001.820000,183.681900,Brown,Renewable Energy Group Inc,Green,,2769.660000,8.870000,2022-02-17,118.890000,2022-03-10,152.010000,27.850000,Completed,12.963004,14.886996,0.924575,0.062106,5.218635
2021-12-14,2020,GTLS,Chart Industries Inc,1177.100000,17380.000000,14.765100,Brown,Earthly Labs Inc,Green,,62.000000,,2021-12-03,162.940000,2021-12-27,159.490000,-2.120000,Completed,2.242538,-4.362538,-0.002050,0.000470,2.757799
2021-12-13,2020,WTTR,Select Water Solutions Inc,605.100000,33176.650000,54.827900,Brown,Nuverra Environmental Solutions Inc,Green,,56.340000,,2021-12-02,5.520000,2021-12-23,5.840000,5.770000,Completed,2.964008,2.805992,0.000678,0.000242,4.022274
2021-12-13,2020,TXNM,TXNM Energy Inc,1523.010000,5602062.230000,3678.278500,Brown,Western Spirit transmission line,Green,,,,2021-12-02,40.470000,2021-12-23,40.390000,-0.200000,Completed,2.964008,-3.164008,-0.001923,0.000608,8.210472
2021-11-16,2020,ENPH,Enphase Energy Inc,774.420000,26385.260000,34.070800,Brown,ClipperCreek Inc,Green,,,,2021-11-05,237.900000,2021-11-26,247.420000,4.000000,Completed,-3.355933,7.355933,0.002274,0.000309,3.557369
2021-09-02,2020,PWR,Quanta Services Inc,11202.670000,233082.180000,20.805900,Brown,Blattner Holding Co,Green,,2700.000000,,2021-08-20,95.680000,2021-09-13,114.420000,19.580000,Completed,7.359671,12.220329,0.054640,0.004471,3.082181
2021-07-27,2020,SHEL,Shell PLC,180543.000000,31526463.370000,174.620200,Brown,Inspire Energy Capital LLC,Green,,,,2021-07-16,33.380000,2021-08-06,35.970000,7.740000,Completed,-1.177652,8.917652,0.642599,0.072059,5.168324
2021-07-14,2020,ORA,Ormat Technologies Inc,705.340000,140128.080000,198.666900,Brown,TG Geothermal Portfolio LLC,Green,,171.000000,,2021-07-02,68.070000,2021-07-26,66.830000,-1.820000,Completed,-9.286621,7.466621,0.002102,0.000282,5.296650
2021-05-12,2020,D,Dominion Energy Inc,14172.000000,14575889.350000,1028.499100,Brown,Birdseye Renewable Energy LLC,Green,BRE Holdings LLC,28.000000,,2021-04-30,67.000000,2021-05-24,64.650000,-3.520000,Completed,3.966855,-7.486855,-0.042349,0.005656,6.936828
2021-05-12,2020,DTE,DTE Energy Co,11423.000000,20962000.490000,1835.069600,Brown,Isabella Wind I and II projects/Isabella County,Green,Greenlight Energy Resources Inc,,,2021-04-30,104.550000,2021-05-24,106.160000,1.540000,Completed,3.966855,-2.426855,-0.011065,0.004559,7.515382
2021-04-22,2020,AEP,American Electric Power Co Inc,14918.500000,25012316.500000,1676.597300,Brown,100 MW Dry Lake Solar Project,Green,,114.000000,,2021-04-09,74.000000,2021-05-03,76.410000,3.250000,Completed,4.617637,-1.367637,-0.008143,0.005954,7.425118
2020-12-15,2019,GTLS,Chart Industries Inc,1215.500000,43255.520000,35.586600,Brown,Sustainable Energy Solutions Inc,Green,,20.000000,,2020-12-04,108.740000,2020-12-28,118.740000,9.200000,Completed,-1.290381,10.490381,0.005089,0.000485,3.599682
2020-12-08,2019,LGO,Largo Inc,105.530000,12749.310000,120.817000,Brown,Certain assets/Vionx Energy Corp,Green,Vionx Energy Corp,,,2020-11-27,8.400000,2020-12-18,11.600000,38.100000,Completed,0.106748,37.993252,0.001600,0.000042,4.802520
2020-12-04,2019,PEG,Public Service Enterprise Group Inc,10076.000000,13378211.190000,1327.730400,Brown,Ocean Wind Project/NJ,Green,Orsted AS,,,2020-11-23,50.160000,2020-12-14,48.870000,-2.570000,Completed,7.484099,-10.054099,-0.040433,0.004022,7.191979
2020-10-15,2019,HON,Honeywell International Inc,36709.000000,1090292.650000,29.701000,Brown,Unmanned Aerial Vehicle business/Ballard Power Systems Inc,Green,Ballard Power Systems Inc,,,2020-10-02,151.300000,2020-10-26,155.460000,2.750000,Completed,0.930034,1.819966,0.026665,0.014651,3.424295
2020-08-25,2019,SOL,Emeren Group Ltd,119.120000,21994.750000,184.648300,Brown,Solar projects & accounts receivable/US,Green,,3.800000,,2020-08-14,1.650000,2020-09-04,1.700000,3.030000,Completed,-7.824492,10.854492,0.000516,0.000048,5.223854
2020-08-18,2019,AEP,American Electric Power Co Inc,15561.400000,32656881.960000,2098.582500,Brown,Desert Sky & Trent Mesa wind facilities,Green,Invenergy Renewables LLC,,,2020-08-07,73.330000,2020-08-28,66.350000,-9.530000,Completed,-1.858310,-7.671690,-0.047648,0.006211,7.649494
2020-08-17,2019,D,Dominion Energy Inc,14401.000000,25578454.270000,1776.158200,Brown,62.5 MW Madison Solar generating facility/Virginia,Green,Cypress Creek Renewables LLC,,,2020-08-06,64.880000,2020-08-27,63.550000,-2.050000,Completed,-4.354774,2.304774,0.013247,0.005748,7.482771
2020-08-06,2019,CMS,CMS Energy Corp,6624.000000,13509175.080000,2039.428600,Brown,525 MW Aviator Wind project,Green,Ares Management Corp,,,2020-07-24,55.020000,2020-08-17,53.170000,-3.350000,Completed,0.662795,-4.012795,-0.010609,0.002644,7.620915
2020-07-30,2019,CMS,CMS Energy Corp,6624.000000,13509175.080000,2039.428600,Brown,Aviator Wind Energy Project,Green,Ares Management LLC,,,2020-07-17,53.480000,2020-08-10,54.950000,2.740000,Completed,1.490916,1.249084,0.003302,0.002644,7.620915
2020-07-20,2019,WEC,WEC Energy Group Inc,7523.100000,22141602.720000,2943.148800,Brown,260.9-MW Blooming Grove Wind Energy Center,Green,Invenergy LLC,,,2020-07-09,74.880000,2020-07-30,81.490000,8.830000,Completed,-1.221697,10.051697,0.030182,0.003003,7.987575
2020-07-07,2019,RUN,Sunrun Inc,858.580000,25437.110000,29.627000,Brown,Vivint Solar Inc,Green,,2865.310000,,2020-06-26,18.580000,2020-07-17,36.810000,38.100000,Completed,-2.658183,37.993252,0.013020,0.000343,3.421882
2020-05-07,2019,PLUG,Plug Power Inc,229.980000,7545.150000,32.808600,Brown,"Giner Elx Inc,United Hydrogen Group Inc",Green,,,,2020-04-24,4.400000,2020-05-18,4.170000,-5.230000,Completed,6.983392,-12.213392,-0.001121,0.000092,3.520715
2020-03-12,2019,ALE,ALLETE Inc,1240.500000,4591359.200000,3701.216600,Brown,300 MW Caddo Wind Project,Green,Greenlight Energy Resources Inc,,,2020-02-28,55.500000,2020-03-23,42.030000,-24.280000,Completed,-17.236246,-7.043754,-0.003487,0.000495,8.216687
2019-10-25,2018,D,Dominion Energy Inc,11199.000000,20896503.620000,1865.925900,Brown,Solar Generating Project,Green,First Solar Inc,,,2019-10-14,64.040000,2019-11-04,65.460000,2.230000,Completed,5.735032,-3.505032,-0.015667,0.004470,7.532048
2019-09-26,2018,D,Dominion Energy Inc,11199.000000,20896503.620000,1865.925900,Brown,"15 MW Myrtle Solar project,80 MW Greensville Solar facility",Green,Macquarie Group Ltd,,,2019-09-13,61.890000,2019-10-07,63.990000,3.390000,Completed,-5.296821,8.686821,0.038828,0.004470,7.532048
2019-09-12,2018,DUK,Duke Energy Corp,24521.000000,96560349.130000,3937.863400,Brown,Solar project/Texas,Green,Canadian Solar Inc,,,2019-08-30,74.190000,2019-09-23,76.320000,2.870000,Completed,7.621155,-4.751155,-0.046499,0.009787,8.278647
2019-07-24,2018,AEP,American Electric Power Co Inc,16195.700000,38010092.990000,2346.925000,Brown,Santa Rita East Wind Project,Green,Invenergy Renewables LLC,,,2019-07-12,73.490000,2019-08-05,71.670000,-2.470000,Completed,-8.680056,6.210056,0.040142,0.006464,7.761287
2019-06-17,2018,TTE,TotalEnergies SE,184106.000000,40709232.890000,221.118400,Brown,Go Electric Inc,Green,,,,2019-06-06,37.130000,2019-06-27,39.220000,5.630000,Completed,6.137026,-0.507026,-0.037257,0.073481,5.403211
2019-06-11,2018,PLUG,Plug Power Inc,174.220000,5775.310000,33.150500,Brown,EnergyOr Technologies Inc,Green,,,,2019-05-31,2.560000,2019-06-21,2.300000,-10.160000,Completed,7.221937,-17.381937,-0.001209,0.000070,3.530777
2019-05-30,2018,DUK,Duke Energy Corp,24521.000000,96560349.130000,3937.863400,Brown,Palmer Solar project,Green,Juwi Inc,,,2019-05-17,69.020000,2019-06-10,68.300000,-1.040000,Completed,-4.580739,3.540739,0.034653,0.009787,8.278647
2019-05-30,2018,DUK,Duke Energy Corp,24521.000000,96560349.130000,3937.863400,Brown,150-MW solar project/California,Green,Clearway Energy Group LLC,,,2019-05-17,69.020000,2019-06-10,68.300000,-1.040000,Completed,-4.580739,3.540739,0.034653,0.009787,8.278647
2019-05-17,2018,DUK,Duke Energy Corp,24521.000000,96560349.130000,3937.863400,Brown,100MW Lapetus Solar Energy Project,Green,7x Energy Inc,,,2019-05-06,70.060000,2019-05-28,68.950000,-1.590000,Completed,-5.089493,3.499493,0.034249,0.009787,8.278647
2019-05-16,2018,CSIQ,Canadian Solar Inc,3744.510000,159679.650000,42.643600,Brown,100-MW solar farm,Green,Goldman Sachs Group Inc/The,,,2019-05-03,21.450000,2019-05-28,17.770000,-17.160000,Completed,-4.209895,-12.950105,-0.019354,0.001495,3.776057
2019-04-29,2018,GNRC,Generac Holdings Inc,2023.460000,63554.440000,31.408700,Brown,Pika Energy Inc,Green,"Clean Energy Venture Management LLC,CEI Ventures Inc (Fund: Coastal Ventures IV LP)",49.100000,,2019-04-18,55.020000,2019-05-09,58.080000,5.560000,Completed,-5.569571,11.129571,0.008988,0.000808,3.478427
2019-04-22,2018,NOG,Northern Oil and Gas Inc,678.920000,229013.780000,337.318500,Brown,Williston Basin properties/Valorem Energy LLC,Green,Valorem Energy LLC,295.000000,,2019-04-11,23.000000,2019-05-02,20.530000,-10.730000,Completed,-5.450744,-5.279256,-0.001431,0.000271,5.823988
2019-02-12,2018,AEP,American Electric Power Co Inc,16195.700000,38010092.990000,2346.925000,Brown,AEP Wind Holdings LLC,Green,Sempra,894.000000,,2019-02-01,63.360000,2019-02-22,66.010000,4.180000,Completed,3.104408,1.075592,0.006953,0.006464,7.761287
2018-12-12,2017,BKH,Black Hills Corp,1680.270000,3918307.120000,2331.956400,Brown,29MW Busch Ranch wind farm/Colorado,Green,AltaGas Ltd,16.000000,,2018-11-30,52.620000,2018-12-24,47.980000,-8.820000,Completed,-17.947138,9.127138,0.006121,0.000671,7.754892
2018-10-11,2017,EXC,Exelon Corp,33586.000000,10200734.340000,303.719800,Brown,PFMG Solar LLC,Green,Spear Point Energy LLC,,,2018-09-28,24.830000,2018-10-22,24.740000,-0.370000,Completed,-6.859779,6.489779,0.086996,0.013405,5.719393
2018-09-20,2017,ED,Consolidated Edison Inc,12033.000000,3014998.840000,250.560900,Brown,US renewables portfolio & midstream assets,Green,Sempra,1540.000000,,2018-09-07,63.200000,2018-10-01,59.800000,-5.380000,Completed,6.191405,-11.571405,-0.055574,0.004803,5.527685
2018-08-23,2017,ROCK,Gibraltar Industries Inc,986.920000,33174.790000,33.614500,Brown,SolarBOS,Green,,6.400000,,2018-08-10,43.350000,2018-09-04,45.800000,5.650000,Completed,-0.735005,6.385005,0.002515,0.000394,3.544273
2018-07-25,2017,PLUG,Plug Power Inc,100.150000,4442.440000,44.356500,Brown,American Fuel Cell LLC,Green,Excell Partners Inc,,,2018-07-13,2.050000,2018-08-06,1.970000,-3.900000,Completed,-0.448222,-3.451778,-0.000138,0.000040,3.814553
2018-07-09,2017,DUK,Duke Energy Corp,23565.000000,96513935.200000,4095.647600,Brown,Shoreham Solar Commons project,Green,Invenergy LLC,,,2018-06-28,60.050000,2018-07-19,61.540000,2.490000,Completed,-0.555784,3.045784,0.028647,0.009405,8.317924
2018-07-03,2017,BLDP,Ballard Power Systems Inc,121.290000,4302.310000,35.471900,Brown,Fuel Cell Assets,Green,AFCC Automotive Fuel Cell Cooperation Corp,,,2018-06-22,2.850000,2018-07-13,2.800000,-1.750000,Completed,3.501659,-5.251659,-0.000254,0.000048,3.596542
2018-06-28,2017,WEC,WEC Energy Group Inc,7648.500000,30284894.380000,3959.586100,Brown,Bishop Hill III Wind Energy Center,Green,,143.500000,,2018-06-15,48.930000,2018-07-09,51.700000,5.660000,Completed,1.321979,4.338021,0.013243,0.003053,8.284147
2018-06-25,2017,CMS,CMS Energy Corp,6583.000000,6560220.200000,996.539600,Brown,CMS Northwest Ohio Wind Farm,Green,Starwood Energy Group Global LLC,,,2018-06-14,35.740000,2018-07-05,39.480000,10.450000,Completed,-0.918568,11.368568,0.029870,0.002627,6.905292
2018-06-22,2017,DAN,Dana Inc,7209.000000,208579.330000,28.933200,Brown,TM4 Inc,Green,Hydro-Quebec,123.880000,,2018-06-11,19.570000,2018-07-02,17.330000,-11.440000,Completed,-2.047611,-9.392389,-0.027025,0.002877,3.398968
2018-06-19,2017,LNG,Cheniere Energy Inc,5601.000000,2516949.050000,449.374900,Brown,Cheniere Energy Partners LP Holdings LLC,Green,,575.130000,,2018-06-08,63.090000,2018-06-29,62.900000,-0.310000,Completed,-0.774891,0.464891,0.001039,0.002235,6.110080
2018-06-12,2017,ENPH,Enphase Energy Inc,286.170000,10150.850000,35.471900,Brown,Microinverter business/SunPower Corp,Green,SunPower Corp,66.370000,,2018-06-01,5.780000,2018-06-22,6.620000,14.530000,Completed,-0.476702,15.006702,0.001714,0.000114,3.596542
2018-05-31,2017,PPL,PPL Corp,7447.000000,14529431.420000,1951.044900,Brown,Safari Energy LLC,Green,,,,2018-05-18,19.410000,2018-06-11,18.970000,-2.260000,Completed,-1.803887,-0.456113,-0.001356,0.002972,7.576633
2018-05-04,2017,WEC,WEC Energy Group Inc,7648.500000,30284894.380000,3959.586100,Brown,Forward Wind Energy Center,Green,,173.900000,,2018-04-23,49.780000,2018-05-14,49.910000,0.260000,Completed,5.402487,-5.142487,-0.015699,0.003053,8.284147
2018-03-20,2017,NWE,Northwestern Energy Group Inc,1305.650000,3158489.220000,2419.089600,Brown,Two Dot Wind Farm LLC,Green,New Jersey Resources Corp,18.500000,,2018-03-09,37.560000,2018-04-02,39.280000,4.560000,Completed,-0.952306,5.512306,0.002873,0.000521,7.791560
2018-03-19,2017,NWE,Northwestern Energy Group Inc,1305.650000,3158489.220000,2419.089600,Brown,NorthWestern Two Dot Wind Farm,Green,New Jersey Resources Corp,18.500000,,2018-03-08,37.430000,2018-03-29,40.000000,6.860000,Completed,1.041743,5.818257,0.003032,0.000521,7.791560
2018-02-08,2017,PEG,Public Service Enterprise Group Inc,9094.000000,12074297.040000,1327.721200,Brown,solar energy facility/7 MW,Green,BayWa r.e. GmbH,10.000000,,2018-01-26,40.010000,2018-02-20,38.520000,-3.730000,Completed,-12.115685,8.385685,0.030437,0.003630,7.191972
2018-01-24,2017,ORA,Ormat Technologies Inc,692.810000,173848.100000,250.931100,Brown,US Geothermal Inc,Green,,198.780000,15.540000,2018-01-12,62.860000,2018-02-05,62.120000,-1.180000,Completed,-9.467898,8.287898,0.002292,0.000277,5.529156
2017-12-06,2016,DUK,Duke Energy Corp,22743.000000,97942420.640000,4306.486400,Brown,REC Solar Commercial Corp,Green,,,,2017-11-24,65.710000,2017-12-18,64.060000,-2.520000,Completed,2.985797,-5.505797,-0.049978,0.009077,8.368110
2017-08-03,2016,D,Dominion Energy Inc,11737.000000,32679003.940000,2784.272300,Brown,2 5-megawatt solar facilities,Green,TotalEnergies SE,,,2017-07-21,55.230000,2017-08-14,55.310000,0.140000,Completed,-3.056573,3.196573,0.014974,0.004685,7.932101
2017-08-03,2016,D,Dominion Energy Inc,11737.000000,32679003.940000,2784.272300,Brown,2 Solar Power Plants/Fremont & Moorings,Green,Total Holdings SAS,,,2017-07-21,55.230000,2017-08-14,55.310000,0.140000,Completed,-3.056573,3.196573,0.014974,0.004685,7.932101
2017-04-12,2016,D,Dominion Energy Inc,11737.000000,32679003.940000,2784.272300,Brown,40-megawatt Midway II Project solar power plant,Green,Solar Frontier KK,,,2017-03-31,54.710000,2017-04-24,55.070000,0.640000,Completed,-2.780149,3.420149,0.016022,0.004685,7.932101
2017-01-19,2016,ED,Consolidated Edison Inc,12075.000000,3103618.470000,257.028400,Brown,Juhl Energy Services Inc,Green,Juhl Energy Inc,,,2017-01-06,54.850000,2017-01-30,54.350000,-0.920000,Completed,-3.890819,2.970819,0.014318,0.004819,5.553070
2017-01-19,2016,ED,Consolidated Edison Inc,12075.000000,3103618.470000,257.028400,Brown,Ross Solar Group LLC,Green,,,,2017-01-06,54.850000,2017-01-30,54.350000,-0.920000,Completed,-3.890819,2.970819,0.014318,0.004819,5.553070
2017-01-10,2016,DUK,Duke Energy Corp,22743.000000,97942420.640000,4306.486400,Brown,"Rio Bravo I/CA,Rio Bravo II/CA,Wildwood Solar II/CA",Green,SunPower Corp,,,2016-12-30,55.120000,2017-01-20,54.910000,-0.370000,Completed,-1.323815,0.953815,0.008658,0.009077,8.368110
2017-01-05,2016,BLDP,Ballard Power Systems Inc,85.270000,3059.860000,35.884300,Brown,Ballard Power Systems Europe A/S,Green,Dansk Industri Invest A/S,,,2016-12-23,1.760000,2017-01-17,1.910000,8.520000,Completed,-2.067554,10.587554,0.000360,0.000034,3.607786
2016-11-21,2015,PEG,Public Service Enterprise Group Inc,10415.000000,16582138.450000,1592.140000,Brown,Northampton County solar energy facility/ North Carolina,Green,BayWa r.e. GmbH,12.940000,,2016-11-10,29.860000,2016-12-01,30.600000,2.500000,Completed,5.295942,-2.795942,-0.011622,0.004157,7.373462
2016-11-04,2015,BKH,Black Hills Corp,1304.600000,3953611.080000,3030.504300,Brown,Peak View Wind project,Green,,109.000000,,2016-10-24,44.290000,2016-11-14,43.310000,-2.210000,Completed,-0.484394,-1.725606,-0.000899,0.000521,8.016814
2016-09-15,2015,NRG,NRG Energy Inc,14674.000000,89490677.950000,6098.587800,Brown,Wind and solar assets,Green,SunEdison Inc,144.000000,,2016-09-02,9.920000,2016-09-26,9.360000,-5.680000,Completed,-0.824207,-4.855793,-0.028439,0.005857,8.715976
2016-09-07,2015,DUK,Duke Energy Corp,22371.000000,109613737.100000,4899.813900,Brown,4.7 MW solar farms/Georgia,Green,SolAmerica Energy LLC,,,2016-08-26,56.110000,2016-09-19,56.490000,0.680000,Completed,-2.589161,3.269161,0.029190,0.008929,8.497157
2016-07-13,2015,FANG,Diamondback Energy Inc,591.600000,110412.350000,186.632800,Brown,Southern Delaware basin assets,Green,Luxe Energy LLC,560.000000,,2016-07-01,71.500000,2016-07-25,67.400000,-5.730000,Completed,-1.875699,-3.854301,-0.000910,0.000236,5.234487
2016-05-02,2015,DUK,Duke Energy Corp,22371.000000,109613737.100000,4899.813900,Brown,6 North Carolina Solar Projects,Green,Community Energy Solar LLC,,,2016-04-21,52.510000,2016-05-12,55.770000,6.210000,Completed,-0.962881,7.172881,0.064045,0.008929,8.497157
2016-04-12,2015,XEL,Xcel Energy Inc,11024.000000,51570167.380000,4677.990500,Brown,"Rush Creek Wind Energy LLC,Rush Creek Wind Energy II LLC",Green,Invenergy Wind Development North America LLC,,,2016-04-01,31.810000,2016-04-22,29.620000,-6.890000,Completed,8.321196,-15.211196,-0.066929,0.004400,8.450838
2016-04-06,2015,DUK,Duke Energy Corp,22371.000000,109613737.100000,4899.813900,Brown,Two solar projects/North Carolina,Green,ET Capital Ltd,,,2016-03-24,54.850000,2016-04-18,55.300000,0.820000,Completed,4.956146,-4.136146,-0.036931,0.008929,8.497157
2016-02-02,2015,PEG,Public Service Enterprise Group Inc,10415.000000,16582138.450000,1592.140000,Brown,Martin County solar energy facility/North Carolina,Green,EcoPlexus Inc,40.000000,,2016-01-22,28.910000,2016-02-12,30.380000,5.070000,Completed,3.610269,1.459731,0.006068,0.004157,7.373462
2016-01-20,2015,EXC,Exelon Corp,29447.000000,7677225.800000,260.713300,Brown,Bluestream Wind Project,Green,Sir Robert McAlpine Ltd,,,2016-01-08,14.320000,2016-02-01,15.450000,7.840000,Completed,0.859668,6.980332,0.082040,0.011753,5.567250
2016-01-11,2015,ED,Consolidated Edison Inc,12554.000000,3195105.850000,254.509000,Brown,OCI Solar San Antonio 7 LLC,Green,OCI Holdings Co Ltd,0.190000,,2015-12-31,45.970000,2016-01-21,48.420000,5.320000,Completed,-11.107410,16.427410,0.082311,0.005011,5.543258
2016-01-05,2015,MDU,MDU Resources Group Inc,4014.050000,2205069.260000,549.337500,Brown,Thunder Spirit Wind Farm Phase I,Green,ALLETE Inc,200.000000,,2015-12-24,4.860000,2016-01-15,4.340000,-10.630000,Completed,-12.522144,1.892144,0.003031,0.001602,6.310532
2015-12-23,2014,HE,Hawaiian Electric Industries Inc,3239.540000,6072777.480000,1874.579000,Brown,Hamakua Energy Partners LP,Green,Ares Management Corp,84.500000,,2015-12-11,21.010000,2016-01-04,21.630000,2.960000,Completed,-3.126600,6.086600,0.007870,0.001293,7.536673
2015-11-16,2014,D,Dominion Energy Inc,12436.000000,31810838.450000,2557.963900,Brown,80 MW Solar Facility,Green,Iberdrola SA,,,2015-11-05,46.770000,2015-11-27,45.280000,-3.180000,Completed,-4.225570,1.045570,0.005190,0.004964,7.847358
2015-10-22,2014,DUK,Duke Energy Corp,22509.000000,126000000.500000,5597.760900,Brown,Phoenix Energy Technologies Inc,Green,"Bluff Point Associates Corp,Five Peaks Capital Management",,,2015-10-09,48.580000,2015-11-02,48.530000,-0.110000,Completed,0.331469,-0.441469,-0.003966,0.008984,8.630301
2015-10-08,2014,TRP,TC Energy Corp,10185.000000,12600000.690000,1237.113500,Brown,Ravenswood/Ironwood/Ocean State Power and Kibby Wind,Green,Talen Energy Corp,657.000000,,2015-09-25,20.170000,2015-10-19,20.970000,3.940000,Completed,9.012072,-5.072072,-0.020618,0.004065,7.121344
2015-09-18,2014,NEE,NextEra Energy Inc,17021.000000,47752192.170000,2805.486900,Brown,Wind Development Assets,Green,Hale Community Energy LLC,,,2015-09-04,18.590000,2015-09-28,19.160000,3.100000,Completed,-6.997076,10.097076,0.068595,0.006794,7.939689
2015-09-17,2014,ED,Consolidated Edison Inc,12919.000000,3155617.470000,244.261700,Brown,350 MW AC Panoche Valley Solar Farm,Green,CalCEF Clean Energy Fund,,,2015-09-04,43.080000,2015-09-28,46.590000,8.150000,Completed,-6.997076,15.147076,0.078103,0.005156,5.502326
2015-09-01,2014,DUK,Duke Energy Corp,22509.000000,126000000.500000,5597.760900,Brown,211-MW Mesquite Creek wind farm,Green,,,,2015-08-21,51.570000,2015-09-11,45.950000,-10.910000,Completed,-3.359850,-7.550150,-0.067830,0.008984,8.630301
2015-08-25,2014,PEG,Public Service Enterprise Group Inc,10886.000000,15460148.510000,1420.186300,Brown,Columbia Solar Project,Green,Hanergy Thin Film Power Group Ltd,,,2015-08-14,30.500000,2015-09-04,27.540000,-9.710000,Completed,-7.885063,-1.824937,-0.007929,0.004345,7.259247
2015-07-28,2014,DUK,Duke Energy Corp,22509.000000,126000000.500000,5597.760900,Brown,20MW Seville I & 30MW Seville II Projects,Green,Kruger Inc,,,2015-07-17,48.920000,2015-08-07,49.970000,2.150000,Completed,-8.591327,10.741327,0.096499,0.008984,8.630301
2015-07-09,2014,DUK,Duke Energy Corp,22509.000000,126000000.500000,5597.760900,Brown,Sumitomo Corp and Duke Energy Mesquite Creek Wind Farm,Green,Sumitomo Corp,,,2015-06-26,47.210000,2015-07-20,48.720000,3.200000,Completed,-5.736507,8.936507,0.080285,0.008984,8.630301
2015-06-29,2014,BLDP,Ballard Power Systems Inc,68.720000,2369.340000,34.477700,Brown,Ballard Unmanned Systems Inc,Green,,,,2015-06-18,2.330000,2015-07-09,1.420000,-31.820000,Completed,-4.670161,-27.149839,-0.000745,0.000027,3.568904
2015-05-12,2014,ED,Consolidated Edison Inc,12919.000000,3155617.470000,244.261700,Brown,6 Shovel-ready solar photovoltaic projects,Green,"SolarReserve LLC,GCL Solar Energy Inc",,,2015-05-01,42.760000,2015-05-22,42.860000,0.220000,Completed,-2.999507,3.219507,0.016601,0.005156,5.502326
2015-05-06,2014,ALE,ALLETE Inc,1136.800000,8840069.800000,7776.275300,Brown,Armenia Mountain Wind LLC,Green,AES Corp/The,108.000000,,2015-04-24,35.240000,2015-05-18,33.620000,-4.620000,Completed,-2.073956,-2.546044,-0.001155,0.000454,8.958961
2015-04-24,2014,SRE,Sempra,11035.000000,6739321.790000,610.722400,Brown,Black Oak Getty Wind Power Project,Green,Geronimo Energy LLC,,,2015-04-13,39.470000,2015-05-04,39.430000,-0.110000,Completed,3.144501,-3.254501,-0.014334,0.004404,6.416279
2015-04-16,2014,ALE,ALLETE Inc,1136.800000,8840069.800000,7776.275300,Brown,Chanarambie & Viking Wind Farm,Green,Electricite de France SA,47.500000,,2015-04-02,35.800000,2015-04-27,34.980000,-2.310000,Completed,5.582744,-7.892744,-0.003581,0.000454,8.958961
2015-04-15,2014,D,Dominion Energy Inc,12436.000000,31810838.450000,2557.963900,Brown,20-megawatt Solar Facility,Green,Coronal Energy,,,2015-04-02,46.790000,2015-04-27,47.440000,1.380000,Completed,5.582744,-4.202744,-0.020860,0.004964,7.847358
2015-02-09,2014,DUK,Duke Energy Corp,22509.000000,126000000.500000,5597.760900,Brown,REC Solar Commercial Corp,Green,,,,2015-01-29,58.250000,2015-02-19,52.100000,-10.560000,Completed,8.412582,-18.972582,-0.170448,0.008984,8.630301
2014-12-29,2013,TRP,TC Energy Corp,8797.000000,12195692.040000,1386.346700,Brown,Ontario Solar Facility,Green,Canadian Solar Inc,,,2014-12-18,27.820000,2015-01-08,27.670000,-0.540000,Completed,0.477607,-1.017607,-0.003573,0.003511,7.235148
2014-12-22,2013,PEG,Public Service Enterprise Group Inc,9968.000000,14955609.400000,1500.362100,Brown,12.9 megawatt solar energy facility,Green,juwi AG,,,2014-12-11,28.980000,2015-01-02,29.220000,0.820000,Completed,6.034209,-5.214209,-0.020745,0.003978,7.314128
2014-12-19,2013,DUK,Duke Energy Corp,22756.000000,126791343.100000,5571.776400,Brown,Halifax Solar Project/North Carolina,Green,"ET Solar Group Corp,Geenex LLC",,,2014-12-08,53.210000,2014-12-29,56.600000,6.370000,Completed,0.771627,5.598373,0.050847,0.009082,8.625649
2014-11-28,2013,ENB,Enbridge Inc,32918.000000,2705757.300000,82.196900,Brown,Portfolio of two wind farms/US,Green,E.ON SE,300.000000,,2014-11-17,26.740000,2014-12-08,29.020000,8.530000,Completed,-8.923231,17.453231,0.229307,0.013138,4.421210
2014-10-03,2013,TRP,TC Energy Corp,8797.000000,12195692.040000,1386.346700,Brown,Solar power facilities/CA,Green,Canadian Solar Inc,,,2014-09-22,32.300000,2014-10-13,27.270000,-15.570000,Completed,-13.668880,-1.901120,-0.006675,0.003511,7.235148
2014-10-02,2013,NRG,NRG Energy Inc,11295.000000,76720999.060000,6792.474500,Brown,Pure Energies Group Inc,Green,"NGEN Partners LLC (Fund: NGEN III LP),New Enterprise Associates LLC",,,2014-09-19,24.550000,2014-10-13,22.880000,-6.780000,Completed,-13.739656,6.959656,0.031375,0.004508,8.823718
2014-09-24,2013,ENB,Enbridge Inc,32918.000000,2705757.300000,82.196900,Brown,Lac Alfred Wind Project,Green,Electricite de France SA,297.920000,,2014-09-12,29.250000,2014-10-06,27.630000,-5.530000,Completed,-6.586398,1.056398,0.013879,0.013138,4.421210
2014-09-15,2013,D,Dominion Energy Inc,13120.000000,35070830.360000,2673.081600,Brown,Cottonwood & Catalina solar projects,Green,Electricite de France SA,,,2014-09-04,45.160000,2014-09-25,43.470000,-3.760000,Completed,-6.621771,2.861771,0.014986,0.005237,7.891361
2014-08-14,2013,NRG,NRG Energy Inc,11295.000000,76720999.060000,6792.474500,Brown,Goal Zero LLC,Green,Mercato Partners LLC,,,2014-08-01,24.140000,2014-08-25,23.350000,-3.250000,Completed,1.283210,-4.533210,-0.020436,0.004508,8.823718
2014-07-23,2013,PEG,Public Service Enterprise Group Inc,9968.000000,14955609.400000,1500.362100,Brown,ERWR Whitcomb Farm project,Green,juwi AG,,,2014-07-11,26.330000,2014-08-04,24.150000,-8.290000,Completed,-1.714383,-6.575617,-0.026161,0.003978,7.314128
2014-03-27,2013,NRG,NRG Energy Inc,11295.000000,76720999.060000,6792.474500,Brown,Roof Diagnostics Solar,Green,,,,2014-03-14,23.340000,2014-04-07,25.000000,7.140000,Completed,3.228256,3.911744,0.017635,0.004508,8.823718
